id,status_group
50785,2
51630,2
17168,1
45559,0
49871,2
52449,2
24806,2
28965,0
36301,1
54122,2
419,2
45750,0
653,0
14017,2
44607,2
40228,2
27714,2
28785,2
28330,0
18532,0
69961,2
55083,2
8691,0
30331,0
70970,2
61136,2
28799,0
46825,0
44718,1
37350,2
65738,2
3271,0
42658,2
67523,2
37034,2
42432,2
27420,2
707,2
48489,0
51008,0
72562,0
10275,0
53540,0
43291,0
8813,2
62343,0
1649,0
8822,2
10352,1
50878,2
15266,1
51956,1
44099,2
59,2
51359,0
15962,0
17853,2
42040,1
72243,2
63653,0
26510,2
72053,1
29351,2
51897,0
20376,2
26804,2
67303,0
69780,0
45374,2
54665,2
39341,0
8869,1
20691,1
19693,0
14321,0
63059,1
67403,2
28912,2
12549,2
24328,0
13750,2
1574,2
44149,0
53917,2
22705,2
66465,2
15644,1
20773,0
33092,2
54392,2
37850,2
5576,0
60840,1
9971,0
57508,1
25872,0
43978,2
38181,2
24325,0
2724,1
34794,0
56525,0
63155,0
67247,2
23387,2
17873,0
18197,2
24834,1
4091,2
33261,0
44384,2
62096,0
64554,2
68314,2
53,2
23426,2
38259,0
16631,2
43162,2
44492,1
38884,0
13690,1
60335,2
31856,2
67891,2
25564,2
55293,2
31866,2
71178,1
60279,2
28615,2
8744,2
48308,0
49626,0
38098,2
30309,2
8015,2
3496,0
56971,2
68616,2
8646,2
74104,1
37501,1
33001,0
69202,0
68409,2
51847,0
55647,2
17923,2
71743,0
51539,2
73819,1
66881,2
58768,1
2648,0
68933,2
12427,2
16633,0
24123,0
58551,0
17132,2
3027,0
2651,0
25998,0
63400,2
50028,0
67897,0
21425,0
71756,2
16862,2
15420,0
47784,1
712,2
54368,0
2866,2
51130,1
27993,2
21621,0
66038,2
42182,2
17694,0
57759,2
47978,2
52359,2
69656,0
24086,0
43579,2
43284,0
2877,0
21171,2
40982,1
48396,2
13323,1
28467,2
2768,2
73593,2
65164,2
69976,0
52145,1
49259,2
23542,2
69848,0
9305,2
14359,0
28925,0
21243,2
10616,0
73667,2
20566,2
63711,2
72840,2
31651,0
3782,1
6799,0
21402,2
35390,2
12636,0
36887,0
20086,0
5634,0
48029,2
29927,2
2930,1
41800,2
68349,0
61678,0
30270,2
4678,2
9392,0
20735,2
49300,0
70339,2
25572,2
61445,0
32190,0
39189,2
14853,1
52207,2
48035,2
73122,2
16352,2
42721,2
15116,2
7837,0
56907,2
46382,2
64521,0
67362,2
61861,2
72139,0
3398,1
62911,1
48152,2
48001,2
64118,2
65793,2
61557,0
32352,2
1830,2
50553,2
51961,0
38481,1
48371,2
56540,1
18142,1
72934,0
39300,0
40115,0
3793,0
59318,0
68070,2
67527,0
34898,1
26592,2
67682,2
52394,2
32218,2
69045,2
12808,2
49250,1
64126,2
64903,1
35165,2
9543,0
64635,2
47929,2
28329,0
67954,1
16575,0
16612,0
27003,2
73324,0
7043,0
22174,2
19450,1
35825,2
9854,0
23254,1
72170,2
61999,2
70354,0
6877,0
47323,0
48624,0
6148,2
59698,0
67268,2
59174,0
68916,0
28358,2
57453,2
71952,0
1761,2
15234,2
60021,2
22567,2
17695,0
19872,2
22828,2
34896,1
35570,2
41325,0
8831,2
5345,2
19379,0
5514,2
61654,0
40482,1
43123,2
40492,0
68733,2
3952,2
70288,0
30085,1
65837,0
34752,2
2465,2
11466,0
22313,2
30179,0
23505,2
48424,0
11150,2
70368,2
26935,0
5919,2
2134,2
16652,2
59302,2
24210,0
6211,2
19743,2
10760,2
48104,2
50171,0
63137,2
38301,2
10948,2
33232,2
61415,0
69131,2
73555,2
46610,2
20922,0
55743,1
19341,2
9588,1
3293,2
55490,0
67678,0
36119,0
62775,0
68162,0
66128,0
12036,2
15739,0
57048,2
15825,0
45590,1
18055,2
34073,0
14860,2
53713,1
69327,0
60169,2
26798,1
37122,0
45156,2
22874,0
58774,0
40092,0
17487,2
35886,0
49892,1
66338,0
35481,0
4135,2
54191,2
31349,2
72271,0
48863,2
13758,0
33443,2
12003,0
10845,0
47,0
70492,2
11346,0
20126,1
51000,0
64505,2
58329,2
6311,0
22286,2
35013,2
6274,2
30904,2
46606,2
18461,2
15256,0
625,2
42122,2
18277,1
68501,2
8816,1
62879,2
18554,2
27712,2
46935,0
57804,2
57711,2
5516,0
8305,2
57410,2
51412,0
25863,2
35994,2
55279,0
74102,2
38277,2
1998,1
52056,0
63679,2
71762,0
71432,2
45592,2
13663,0
62227,0
3730,2
2451,2
46418,0
45996,0
60911,0
46089,2
65579,0
40407,0
66663,2
26597,0
50540,2
58133,0
1493,0
31503,0
17910,0
19466,2
38120,0
66553,2
31696,2
51318,0
33584,0
48678,2
36112,0
6294,0
40612,0
62793,2
58090,0
2532,1
38865,0
35462,0
51709,2
40624,0
41745,2
42315,2
38952,0
45540,2
73833,2
27771,2
9336,2
12545,2
54811,0
48326,0
31787,0
61745,0
42091,2
43727,2
46917,2
26718,2
3138,2
72932,2
25707,0
68580,0
25064,2
7624,0
3830,0
13458,2
57377,2
37294,2
39561,2
23237,0
72484,0
56490,2
13706,0
43035,1
14084,2
55875,2
17299,2
1793,1
70943,2
65720,2
49165,2
18879,2
3574,0
56735,2
45481,2
51772,0
74095,2
54000,1
34834,2
50175,2
35733,2
6808,0
27311,2
73303,0
70335,0
2691,2
12582,1
49536,0
23715,0
45445,2
52609,2
35087,1
42767,2
24373,2
32895,0
9328,0
23275,0
20054,0
8378,0
47432,2
49863,2
57828,2
31169,2
38382,2
31205,2
23528,2
26507,0
67091,1
47734,2
927,2
48521,0
16963,2
48233,0
58989,0
2399,0
23530,2
46271,0
71726,0
23526,1
49861,2
22619,0
41264,0
20623,2
35694,2
68210,0
13446,2
11321,1
56312,2
19533,0
7275,2
48614,2
65873,0
9008,2
36817,1
25767,0
38460,0
16756,1
13310,2
36514,2
57548,2
2809,2
70632,2
17260,2
27950,2
40629,2
64155,2
50640,0
67355,2
32132,0
70868,2
45823,0
19985,2
61834,0
54171,2
62763,2
42408,2
13151,2
28311,2
57775,2
37603,0
56357,0
37845,0
57177,0
12821,1
8193,2
49031,2
14011,1
33708,2
68898,0
37198,1
11151,2
22264,2
49694,2
47318,0
46108,0
28297,0
36340,2
26987,0
5766,2
25979,0
73021,0
11908,1
47496,2
61777,2
47591,2
8968,2
45656,2
39630,2
2786,0
958,1
55843,2
52074,0
23422,0
55802,2
61634,0
1625,2
37398,0
51011,2
49595,2
22486,1
22916,1
45204,0
74223,2
35533,2
30595,1
47319,0
32555,0
9520,2
53253,2
36436,0
15036,1
23175,2
41998,2
19345,0
1198,0
39848,2
39278,2
39844,2
17332,2
51287,0
49514,0
64288,2
41782,1
54572,2
68079,1
68017,0
66705,1
5274,2
58230,2
51010,0
46242,2
1917,2
9361,0
33043,0
56633,0
57518,2
51128,0
4388,0
62267,0
72473,0
70957,1
35399,2
33236,2
73183,2
52939,2
66929,0
54326,1
16343,2
33013,2
60384,0
41074,2
71997,2
35190,2
3425,0
4335,2
7399,2
46431,0
40845,2
27347,2
10981,2
36447,1
67485,2
11220,2
45857,0
21806,0
8771,2
45535,0
8671,2
2252,0
58078,0
61068,0
69204,0
28326,1
46930,0
52104,2
31732,1
21584,2
17045,2
14404,2
34699,2
39930,0
38744,2
4339,2
54735,2
51916,2
58114,0
28339,1
52048,0
66497,0
18353,0
16701,2
59499,2
66042,0
43965,2
48361,2
70766,2
9510,0
28586,0
28521,0
18050,2
73151,0
45011,2
64380,2
66896,2
40184,2
67207,2
70178,2
54063,0
39252,0
53773,2
47931,0
44168,0
66540,2
54089,0
29244,0
27525,0
58991,0
18087,0
67803,1
48006,0
11788,2
16100,2
16382,2
21208,2
8637,2
67008,0
67914,1
7041,0
43181,0
26191,0
14766,2
49812,2
12705,2
25422,0
9399,0
4239,2
49442,1
32,2
11443,1
15492,2
63498,2
12708,0
19483,2
31204,2
33445,2
40820,2
10279,0
46718,0
39000,0
45897,2
62154,0
50034,2
11853,1
40426,2
41168,2
58978,2
31363,2
32736,2
29058,2
23824,0
61885,0
59187,0
73243,0
62915,2
1784,2
65951,2
20661,2
55504,1
66975,0
72057,2
49331,0
52682,1
37859,2
10460,1
12407,2
69993,0
13012,2
70896,0
13264,2
51824,0
60216,2
57481,0
3996,2
24854,0
43420,2
70468,0
38305,0
57179,2
70388,0
67589,2
69974,2
8854,2
71663,2
69272,2
49119,0
15638,2
9086,2
56422,2
39106,2
4515,2
48594,2
63779,2
60740,0
61242,2
65001,2
2601,2
52456,2
21873,0
25505,0
21890,0
52336,0
57756,2
45465,2
4989,0
51585,2
50533,1
54866,2
23793,2
50135,0
26549,2
66920,2
35517,2
390,2
13645,2
39327,1
58900,2
2100,2
31521,0
277,2
33937,2
42545,2
7614,2
46861,2
35278,0
71773,1
52392,0
47229,2
10716,0
13923,2
42206,0
965,2
66646,1
17301,2
21533,1
37797,0
19241,0
15296,0
41472,1
73859,0
20153,2
71684,2
8321,2
68979,2
48850,1
64251,2
3583,2
33326,0
8500,2
67047,2
24896,2
39527,1
3089,1
66477,0
24107,2
7823,2
32016,2
35048,0
70580,0
47503,2
37357,2
1195,0
52309,0
19655,2
39455,0
52757,0
62729,0
24324,0
51298,0
17127,0
28152,2
14259,2
47461,2
65878,0
58913,2
70035,0
37446,0
30337,0
57584,1
67193,2
62103,2
22896,1
5934,0
61722,2
9299,2
68558,0
51165,2
8657,2
54952,2
53160,2
17393,0
33016,2
25929,0
41102,2
11093,2
52744,2
23484,1
13139,2
55439,0
41539,2
47692,0
60165,2
64683,2
7089,2
13516,2
47720,1
22588,0
28580,0
9075,2
25066,0
28284,2
67568,2
64823,0
8243,0
2556,2
58746,2
18288,2
72822,2
5178,2
66294,2
14451,2
48600,2
27513,2
36889,2
663,0
10646,0
35103,2
50804,2
29635,2
47604,2
49844,0
69068,2
43074,2
71088,0
40470,2
21920,0
51415,1
15480,0
21881,2
7780,2
24908,2
53915,2
54560,2
15498,0
20446,2
5886,0
52883,0
30892,2
37432,0
42574,2
61505,1
44827,0
5951,2
48991,2
22821,1
46478,2
19831,2
49317,1
18472,0
58686,2
47419,0
44921,2
55024,0
28971,0
8108,2
32182,2
40513,0
372,2
49297,2
24407,0
44874,2
25119,2
3882,1
73443,2
56056,2
22035,0
46318,1
20802,2
41941,0
12044,1
47262,1
19337,1
38688,0
45341,2
55661,2
32322,2
41912,0
26136,0
13480,2
62035,1
50343,1
68537,0
52293,2
17764,2
67862,0
38933,0
68514,0
65335,0
27469,2
31290,0
72594,2
2854,2
19679,0
46470,1
9931,0
39214,2
3982,2
29633,2
50872,2
31969,0
51280,0
63438,0
52302,0
44486,2
4641,0
47724,2
4393,2
54938,2
66983,0
55870,0
62561,2
7975,2
9418,0
4929,2
68311,0
15225,0
51854,2
40247,2
37958,1
19319,1
27495,2
20111,2
33231,1
44772,2
53237,2
23279,0
66738,0
73053,2
31190,2
54820,2
54173,2
40904,2
43729,2
63132,2
65274,0
2012,0
70647,2
6067,2
47835,0
14510,2
34536,1
50168,0
65018,2
4960,2
19291,0
11480,0
74179,2
46276,2
69469,2
51844,0
13340,2
34046,1
72429,0
60034,2
36173,2
66575,2
33778,2
52807,0
37283,0
53688,2
54777,0
10363,0
42685,2
29334,1
17320,2
7060,0
3905,0
14607,2
59091,2
44927,0
59415,2
59722,2
49411,0
40903,2
64786,0
36207,2
61178,1
55377,2
34300,2
29483,0
58576,0
37659,0
63873,2
55723,2
9950,2
49680,2
30329,0
64912,2
21165,0
42112,2
25108,2
55021,2
14319,2
23587,2
27217,0
62333,1
3284,2
38299,1
35668,0
10228,2
67801,0
63324,2
33451,0
46306,2
37149,2
29770,0
14731,2
7963,2
55945,0
7645,1
7244,0
40114,2
37615,2
54151,0
64712,2
40499,0
71171,0
20712,2
20187,1
12383,2
33364,0
9646,2
12201,0
1782,0
42747,2
12125,2
53260,2
55023,2
7865,0
66269,0
45049,1
4988,2
17387,0
41771,2
44806,2
9157,2
70881,2
59951,2
47581,0
14986,2
71499,0
32928,0
11934,0
54065,2
25479,2
38302,2
32973,0
52140,2
51060,2
33106,1
55127,2
8640,2
43117,2
9966,2
11183,0
72250,2
50586,2
48093,2
37435,2
9379,0
65657,0
34535,2
26262,2
14458,2
33972,0
40238,0
70610,2
47960,0
71481,2
10946,2
68239,1
56314,0
20772,0
41027,0
57639,0
42841,2
8016,2
38349,0
68114,0
53733,0
53513,2
50420,0
31043,2
11436,0
66544,2
66297,2
9975,2
21663,0
66747,2
8343,0
43675,1
12325,2
27609,2
70092,2
4092,0
60469,2
15869,2
31689,0
40197,2
35039,0
19866,1
65864,2
54111,2
65616,2
24954,2
55924,0
48299,2
51679,0
7861,0
74037,2
2367,2
60329,2
16467,0
36876,0
42906,1
58855,2
48072,0
34861,2
38446,2
25076,1
42010,1
27880,2
49961,2
32989,0
17483,0
54815,2
16359,2
54840,0
6252,0
46589,0
65044,2
52749,1
31792,0
72814,1
19523,2
32936,0
28011,2
49940,2
21296,0
57692,0
60900,2
69726,2
4707,2
5501,1
37805,0
20466,0
915,2
15844,2
60509,2
22552,0
47386,0
8521,2
54730,0
58417,1
11731,0
40490,0
17385,1
63184,2
45621,1
42679,0
64602,2
33317,0
38658,2
64299,0
36030,0
18940,2
45669,2
19668,2
44209,2
73269,0
72767,2
68471,1
907,2
57724,2
19492,2
18247,2
61793,0
68182,2
69769,0
1580,2
9327,1
18330,0
9250,2
29932,0
22830,0
58200,0
30920,2
9138,2
50234,2
54691,1
16393,2
56549,0
9832,2
31881,0
12886,2
58897,1
830,2
15950,2
26265,0
46220,2
22347,2
2860,2
19021,2
3484,1
30298,2
39782,0
74005,2
5674,2
9381,2
3895,2
1673,0
29551,2
41475,0
67870,2
2791,1
42255,0
67164,0
12440,1
13193,0
60880,1
71008,2
67514,2
34910,2
383,2
23977,0
70543,2
2906,2
33810,2
10021,0
46730,2
1663,0
2408,2
72505,2
65019,0
42313,2
340,0
50285,0
3409,1
26378,1
47552,1
32262,2
58637,2
34827,0
63294,0
44867,2
26751,2
66574,2
39354,2
21479,2
57899,0
60079,0
62070,2
20628,0
11344,2
62122,2
51867,2
51667,2
16857,0
27022,2
10438,2
57755,0
22384,2
3380,2
41843,2
35208,1
37152,0
47925,0
43946,2
2932,2
11829,0
59013,2
48338,2
71276,0
62998,0
6708,0
9969,1
5567,0
61598,1
20745,2
72485,0
53890,2
62984,2
56024,2
64958,1
36386,2
12970,2
63672,2
1545,2
68416,0
53929,2
59291,2
20931,1
18781,0
15430,0
54042,2
56896,0
2579,2
65982,0
8486,2
15871,0
36433,2
65239,0
42513,2
63248,2
2959,2
64833,2
54346,0
12284,2
18056,2
9415,2
10574,2
67761,0
2413,2
60358,2
72803,2
71644,2
43929,2
23370,2
38121,0
71352,2
26630,2
72503,2
36667,0
13838,0
73762,0
56917,2
64901,2
11878,0
11761,2
22410,2
29102,2
36539,0
9758,0
28981,0
56273,2
35854,1
38840,1
32235,2
36097,2
54661,0
61700,0
71556,2
9296,0
26823,2
45401,2
862,2
12857,0
60984,1
68476,2
18299,1
48846,0
6446,0
63522,2
66298,2
39348,2
25325,0
38166,1
10753,1
6496,0
66416,0
47968,2
30436,0
53608,2
66036,0
46595,0
18890,0
1978,2
10656,2
69297,0
43482,0
43158,2
18733,0
27893,2
72342,2
37520,0
11453,2
39911,1
51620,2
18133,2
4572,2
55691,2
42966,2
66569,1
7200,0
53136,2
25723,0
66123,2
7672,2
37943,2
2142,2
66405,1
13101,2
73963,0
26444,0
19007,2
71761,0
1467,2
35518,0
32922,2
43852,2
29438,2
56706,0
39407,1
58835,2
43397,2
9994,2
7622,0
34194,2
13045,2
32959,2
50876,2
31094,2
37473,2
61430,2
47922,2
52355,2
65517,1
42861,0
59615,2
28406,0
3716,2
219,2
2079,0
3612,1
50670,1
33118,0
25722,2
56582,2
7760,2
39295,2
68787,2
64264,0
35160,2
49452,1
53668,2
67380,2
45974,2
11062,0
27946,0
50414,2
38773,0
39624,2
72477,0
61146,2
22496,2
39554,0
23463,0
26384,0
42071,2
38972,2
44617,0
32282,1
8586,0
36903,2
55556,1
21436,2
17030,2
51806,0
44903,0
1957,0
20102,0
39391,2
10871,2
67815,2
19183,0
17711,2
59743,2
11844,2
40062,0
40682,2
71690,2
22833,2
16908,0
43496,0
62050,0
65634,2
6309,0
38784,2
38329,2
69029,0
25515,0
30870,0
34228,2
42698,2
31674,2
2848,1
52616,2
28760,2
1188,2
13957,2
20847,2
39895,0
44133,2
47704,2
68173,2
40526,2
26285,0
67502,0
57809,2
3915,0
69110,1
21675,2
16738,2
13627,2
13404,0
16649,2
8572,2
71169,0
71519,2
72287,2
19168,2
25981,2
33996,0
69749,2
53037,0
49611,2
52353,0
71599,1
29631,2
54016,2
71623,0
67739,0
30275,1
29073,2
59974,2
47612,2
15654,2
12002,0
10489,0
49293,2
23467,2
6668,2
6876,0
11289,0
30283,0
55091,1
26166,2
3449,2
7498,2
62730,0
68654,2
5300,2
22742,2
2653,0
71210,2
24301,0
51174,0
57324,2
47760,1
34478,2
44012,2
50314,2
24528,2
57041,2
6407,0
42635,0
73702,2
67087,2
7398,0
20430,0
60819,1
59586,2
49192,2
39902,0
52301,0
50482,2
36023,0
42509,0
42398,0
56132,2
37018,2
33205,2
57405,0
66229,2
22953,0
67348,2
10496,2
49208,0
29525,2
51648,0
49307,0
6408,2
53899,1
46623,1
12537,2
1365,1
54115,2
52656,0
40498,1
48970,0
56235,2
36070,2
63964,2
32271,2
15011,2
38607,2
39836,0
65630,0
58295,2
4210,0
3161,2
21846,2
28509,2
20933,2
20195,0
528,2
55726,2
39291,0
39436,2
29216,0
12682,0
48580,2
22504,2
54078,2
18687,1
41128,0
73213,1
52967,2
73043,0
23440,2
51098,1
37286,2
3953,0
70347,2
61706,1
45392,0
12844,1
8890,2
49091,2
44085,2
19625,2
44799,0
36158,0
36397,2
13057,2
5874,2
9067,0
15956,2
3693,2
65220,1
31365,2
60072,1
45524,0
536,2
21099,0
45506,2
39120,2
66657,0
20094,2
20309,2
49113,0
44016,2
7210,2
34555,2
16088,0
25292,1
60748,0
27452,2
59367,0
59662,2
63833,2
63706,2
40887,0
3501,2
20532,2
1386,1
34149,2
43398,1
49223,0
58176,0
57623,0
12860,2
30913,2
45960,0
34432,0
17486,0
65669,1
37837,2
73292,0
11651,1
29408,1
37866,2
69690,0
53995,0
53366,2
39328,0
2320,0
67731,2
57014,0
62940,1
50725,0
2855,2
25922,1
19440,0
31206,0
2349,0
57290,0
9508,2
66849,0
62431,2
23245,0
21360,1
44870,0
64287,2
44968,2
61846,2
49580,2
15928,0
25900,2
31819,0
48103,0
49852,2
17098,0
1767,0
33791,2
60357,0
27287,2
50174,2
60161,2
10484,0
33521,0
56320,2
33643,0
22899,2
63343,0
29869,2
41463,2
23539,2
2230,2
26037,0
375,0
39654,2
53096,2
60168,2
16990,2
21007,2
14315,2
2177,2
49269,0
4671,2
44176,1
40998,0
7333,1
64091,1
68831,0
42058,1
7902,2
65022,2
28086,2
45360,2
45083,2
32905,2
39259,2
38013,2
38895,2
35123,1
7111,0
35613,0
49983,0
7539,2
70967,2
37779,0
17732,0
40619,0
13128,2
62321,2
41884,2
22763,0
56616,2
48446,0
59810,2
15364,2
28596,2
16194,1
63304,2
18910,0
60481,1
42567,2
44374,0
1807,2
51223,0
15702,0
11806,2
54631,1
27402,2
3372,0
64730,2
17064,1
26829,2
9453,2
67241,2
73217,2
66403,0
48472,1
64553,2
24516,0
20160,1
6966,1
65057,2
17269,0
11662,2
27280,2
39968,2
33060,1
50189,1
8863,1
18527,1
49700,2
71248,0
52907,0
7891,0
50648,0
51640,2
56160,0
61205,2
37237,2
39476,2
12645,1
65423,2
59104,1
12613,0
20577,2
32896,2
22800,2
15436,1
28147,0
62337,2
46824,0
37508,2
55768,2
60117,2
59651,0
40212,2
73448,0
51073,2
5001,2
33581,1
71443,2
52469,0
56512,1
36028,2
22096,2
48869,2
2988,2
18857,2
5138,0
13512,0
20209,2
48604,0
66879,0
40331,0
49860,2
43322,0
13054,2
51553,2
10459,0
58533,1
31297,2
63877,2
42620,2
45603,2
5494,0
22161,2
3807,0
9865,2
23557,2
48471,2
13087,2
67705,2
31275,0
66376,2
29811,2
47938,1
60613,2
13300,0
42764,2
62481,2
5483,1
72602,2
72209,0
60017,2
320,2
44190,2
44812,1
19675,0
24619,2
51059,2
4253,1
64624,2
3451,2
28982,2
11328,2
41177,2
15005,0
42649,0
33997,0
9917,2
55120,2
59177,2
17066,0
8462,2
28474,1
19611,0
53689,2
69613,0
40335,1
21223,2
48646,2
58015,1
56587,2
47054,0
66850,2
19266,2
41509,2
50766,0
14113,2
42577,0
60521,2
31241,2
31095,2
42850,1
37852,1
62257,2
9974,2
55266,2
58758,0
28508,2
4268,2
29508,1
51429,1
58930,0
21969,0
37997,2
71748,2
3149,2
74152,2
60368,2
16858,2
37670,0
35354,2
7892,1
47875,1
6277,0
1223,0
17318,0
9651,2
889,2
4613,2
32108,0
17178,2
72309,2
36341,2
7495,2
61011,0
31353,1
12647,2
50067,0
54404,2
45856,2
56731,2
11704,0
38790,1
36015,0
2720,2
40229,0
43850,0
36182,0
37563,2
39146,2
28766,2
67633,2
24922,2
51987,0
52414,2
21708,0
48070,2
69586,2
16882,0
23894,0
18759,2
62851,2
50087,0
42665,0
11705,2
24892,0
26397,2
15550,0
37931,1
52844,2
8024,0
40987,2
48760,0
23575,2
10117,2
10647,0
42722,0
45067,0
60680,0
54669,0
7919,1
58595,1
2381,1
39457,0
6055,2
59141,2
13698,2
63930,0
11930,2
57875,2
66958,2
47427,2
42025,0
13019,0
10295,2
1468,2
64449,2
35590,2
66187,0
67742,0
16104,0
73801,0
63163,2
60345,2
39099,1
405,2
58984,2
22877,0
13783,0
15148,2
67707,0
570,2
21674,2
49827,2
65611,0
48052,2
59547,0
39793,0
27686,2
53927,2
54485,1
11922,2
34851,0
14646,2
38991,0
20155,2
50328,1
72786,0
61652,2
10296,2
9126,0
47495,2
46307,0
69138,0
74198,0
2225,0
29754,0
59626,2
38715,2
33644,0
42537,2
6102,2
22099,2
73285,2
30675,2
45645,2
10133,2
31392,2
53757,2
69091,0
34819,0
30233,2
8541,2
20185,2
15100,2
22154,1
65590,0
21544,2
33226,2
37935,2
4179,0
12087,2
15163,2
37300,2
45039,2
46519,2
8850,0
7211,2
72111,0
20652,2
37761,0
13869,2
20960,0
51314,0
25560,1
48880,0
33275,0
17433,2
71960,0
70739,0
22260,2
48713,0
30294,2
27185,2
21593,2
32119,0
20299,1
55818,0
74137,0
46159,0
59203,0
20171,0
18385,2
44915,2
15941,2
15865,2
57598,2
56036,1
35251,0
31002,2
3720,2
63990,2
7340,2
68382,0
48833,0
54309,2
29274,2
26159,2
5756,0
65520,0
17723,1
43704,1
32284,2
26312,0
54828,2
21386,0
26077,2
54702,0
68427,0
41359,0
57912,2
57126,0
21321,0
53202,2
3351,2
41354,1
19050,2
15929,1
31560,0
61696,2
56022,1
48422,0
18651,1
23414,2
23653,2
4003,1
26311,0
70408,0
42630,0
64456,2
66412,2
39856,2
54522,0
10505,2
31406,0
28354,2
2621,2
55216,2
40173,0
37985,2
52840,2
12109,2
26963,0
46197,0
22081,2
46780,0
2633,2
56927,1
59682,0
38169,0
49662,2
27236,0
66648,0
60179,2
46608,0
7912,0
40483,2
28335,0
64791,2
970,2
54743,2
70993,2
46287,2
27169,0
29471,0
71476,1
45420,2
71980,0
72862,1
6168,2
73489,0
67595,2
37418,2
23319,0
379,2
61286,2
15933,0
55858,2
60144,0
4352,0
9905,2
27743,2
35256,2
35537,0
25120,2
43468,2
53035,2
69597,0
1440,2
54701,2
50701,2
26306,0
5101,2
50562,0
21381,1
61186,1
10726,0
38114,1
52810,0
20389,0
43615,2
57068,2
49109,2
11086,0
73675,2
12727,2
48628,1
34433,0
57340,1
46701,2
35299,2
41210,2
49874,2
13390,0
66488,2
67786,2
57646,2
66031,0
32846,2
55470,2
45443,1
33423,2
12619,2
15595,0
1466,2
15863,1
32073,0
40460,2
58265,1
32882,2
1177,2
3506,2
64670,2
33300,2
23616,2
27071,2
21045,2
1122,0
71564,0
27385,0
31201,1
28198,2
14685,2
45865,2
55933,2
52283,2
70751,2
22425,2
51604,2
58005,0
4919,1
17156,2
59567,2
65060,2
49236,0
19877,2
32849,0
3570,1
38928,2
59251,1
72417,0
48824,0
32112,0
16199,2
56100,2
72702,2
23112,0
45281,2
43409,2
68865,0
4312,2
61091,0
56976,0
46362,0
57734,1
20544,0
41379,0
60327,1
1519,2
29287,0
34402,2
9148,2
64266,2
73606,2
68249,1
44003,2
18466,0
54595,2
68420,2
46243,0
11188,2
28564,2
40356,0
19939,2
18775,1
73722,2
33239,2
5936,1
3148,0
45326,0
36943,2
1238,1
45455,0
5046,2
50201,2
51907,2
20948,2
48682,2
59315,2
1435,2
14086,0
29558,2
22089,0
73400,2
66429,2
2755,2
63796,2
67737,2
59762,0
25908,2
35764,2
70922,0
11159,0
11628,2
31960,2
3847,2
4196,1
8702,2
62753,1
25848,2
28872,2
43337,2
67715,2
28757,2
25448,1
23451,1
45735,0
3976,0
3137,0
61760,2
63917,0
32584,1
24156,0
18854,0
14490,0
58616,1
26218,2
31306,0
44316,2
15527,2
65289,2
72855,2
58418,0
38097,0
28115,0
70693,0
34833,0
72223,2
14932,2
365,2
409,2
19309,2
37604,0
24608,0
52728,1
14846,2
10844,1
51340,2
13814,2
41995,1
67578,0
2135,0
49843,2
31987,0
6987,2
54099,2
7852,0
68627,2
45474,2
66915,2
61047,2
54566,2
23049,2
70266,2
6688,0
33425,2
42917,0
11032,0
69274,2
32687,1
58370,2
8821,2
30476,2
48063,2
71219,0
51924,0
54852,2
55782,0
42818,2
19449,2
64942,0
48996,2
71646,2
13612,0
27573,2
12482,2
43614,0
49136,2
33696,2
73216,1
43856,2
52504,2
57351,2
32175,2
29021,0
49095,2
2196,0
54583,0
42867,2
8195,2
66921,0
5379,0
65155,0
26623,1
30669,2
55877,1
31639,0
60039,0
50105,0
66907,1
41917,0
63463,2
22131,2
40052,2
5166,0
1792,0
18292,0
29441,2
16170,2
69109,0
46345,0
53730,1
3378,2
38297,1
1988,2
19338,0
71256,2
33455,1
24928,2
14448,2
63962,2
2808,1
36265,1
57164,2
54766,0
10445,0
69659,1
53011,0
67787,0
39504,1
1172,2
47024,2
2949,2
48234,2
74087,2
36165,0
33702,2
52632,0
21263,2
63912,2
60849,0
47683,2
69834,1
52115,0
42464,2
33916,1
8964,2
42527,2
23260,0
23503,2
20500,2
45915,0
56204,2
15876,2
15320,2
70031,0
43517,0
39070,0
13911,0
17202,2
15186,2
38292,2
52651,2
17781,2
36073,2
5447,0
24509,2
52150,1
33549,0
45252,2
35345,2
55984,2
58450,2
52635,2
72222,2
15354,0
50371,0
21276,2
47954,0
50426,0
72165,2
72006,2
39270,1
7088,0
27791,2
3326,2
49956,0
69402,2
12562,2
57337,0
37996,1
15392,0
27845,0
65984,0
61520,0
37004,1
27595,2
35322,0
54608,1
66950,0
38634,2
17166,0
44746,1
67617,1
46107,2
55717,1
29696,0
11244,2
54543,0
67082,2
56337,0
49329,1
24342,0
53135,2
45167,0
37546,2
14669,0
65465,0
2361,1
30282,2
42167,1
26700,0
25313,0
51656,1
69971,1
8274,0
57362,0
58447,2
39276,0
39274,1
34911,2
52313,0
72697,2
24979,2
39628,2
19172,2
30232,2
36349,0
43470,0
10550,2
44061,2
37663,0
8668,2
35336,2
39617,2
55993,1
18206,1
59817,2
73175,2
32261,2
44303,2
35097,1
44332,2
42199,2
34414,2
22979,2
27114,2
64644,2
23670,0
15355,2
50882,2
44790,2
63275,2
39667,0
56504,2
36516,1
66885,2
2593,2
4175,1
58117,2
66046,0
49685,0
37440,1
14203,2
46241,2
7457,2
17699,0
69662,2
41698,2
67535,1
59976,0
67991,1
38437,0
70813,0
29617,2
41352,0
26137,0
57433,1
36068,2
46960,0
57353,1
33711,0
22336,0
20558,2
50502,2
31796,2
3507,2
55138,2
17267,0
65684,2
6056,2
67960,0
30689,0
64105,0
18725,2
42982,2
67593,2
27115,1
42013,2
26143,1
31012,2
58731,1
55082,0
41363,0
65008,0
26109,2
71689,1
50081,1
19286,2
14947,2
66253,2
18121,2
16129,2
42457,2
13816,0
11235,2
16375,0
31754,2
43561,2
45598,2
15639,0
20686,2
31983,2
53771,2
71019,0
44383,2
20497,2
48474,2
68034,2
27174,2
70719,2
27756,0
49925,1
62114,0
28591,2
37672,2
5795,2
57764,2
33229,2
17211,2
43563,2
1952,0
72318,2
39271,0
41833,2
10851,0
57434,2
19876,2
50411,1
7400,2
10772,2
23744,2
50719,2
64229,2
47996,2
37400,2
28860,2
54933,2
65542,0
71558,2
13460,2
14930,2
39638,2
36870,2
58165,2
33448,0
73680,0
14750,2
28637,0
67510,2
36900,1
28817,1
29579,2
66052,0
67084,2
27055,2
43822,2
63643,2
35755,2
22463,2
62338,1
12912,2
9263,2
37864,0
49866,0
38448,0
5197,0
35791,2
30116,0
9003,2
57785,2
58440,2
12069,1
71238,1
67532,2
45521,2
12311,2
1724,2
71065,2
58386,0
63208,0
36384,0
1512,0
5326,0
12884,0
44202,1
15004,0
1832,2
66485,2
17447,2
26268,0
6030,2
71768,2
19175,2
3936,2
44056,2
65414,1
17562,1
18976,2
71332,1
37756,2
13423,2
27062,0
13306,0
72344,0
50638,1
40548,0
24486,2
23351,2
29970,0
56768,0
62006,0
23627,0
3990,2
36816,1
37367,0
69640,2
19420,1
74218,0
20454,2
23589,0
11742,0
2978,2
26668,0
66767,2
30832,2
36463,1
12076,0
31574,0
12471,2
25171,2
54875,0
51475,0
70680,2
14230,2
62315,0
48802,0
37452,2
29076,0
7608,0
17480,2
34529,2
4560,1
70820,2
45010,1
39636,0
39440,0
53389,2
24337,2
46136,1
44059,0
15385,2
3492,2
3517,2
14608,0
73831,2
4033,2
38690,2
44933,1
48847,2
3724,0
6655,2
2540,2
38557,2
69447,2
25195,0
69193,2
50036,0
59105,2
72744,2
40423,2
1265,2
54950,0
10683,0
48758,2
48213,2
73119,2
38419,2
58281,1
54170,2
13103,1
7695,1
26859,2
16197,0
46654,0
46033,1
69338,2
24076,2
60671,0
65823,0
41610,1
62955,2
39290,0
60234,2
29132,2
47696,2
12779,1
65903,1
58035,2
70100,2
54936,2
43073,0
61876,0
60317,2
33653,1
42389,2
24769,2
40854,0
1714,0
27708,2
41753,0
65273,0
13488,2
55654,0
2939,0
70353,2
799,0
2493,0
14850,2
17235,2
69626,1
24256,0
35505,2
63395,0
46971,2
4422,2
45199,0
24104,2
37598,0
29507,0
19752,1
50424,1
69426,0
46486,0
52356,2
44877,0
9857,0
55808,0
32347,2
22350,0
23139,0
68301,1
8480,2
30759,0
14760,0
30079,2
56176,2
21422,2
53075,2
13785,0
27588,2
37540,0
10876,1
21129,0
18305,0
24716,2
28634,0
56639,0
12863,2
13347,0
23443,0
9922,0
1712,2
24463,0
56329,0
90,2
37085,2
64035,0
46817,1
44622,0
66165,2
67100,0
11305,2
31722,0
39493,2
38574,2
62742,0
11709,2
34902,2
18861,0
71735,2
38399,0
12378,2
25889,0
30615,2
40822,0
57971,2
72663,0
1005,2
62019,2
25482,2
56928,0
68252,2
63578,1
42879,2
61919,0
51846,0
1313,2
74209,2
24153,2
64834,0
25681,2
9028,1
9555,2
22192,0
6080,0
19760,2
11589,2
53679,2
38562,0
58660,2
13251,0
69841,1
3951,2
55977,1
71323,2
8017,0
68061,0
73093,2
19366,2
13186,1
8629,0
22555,2
56729,2
60115,1
50647,0
25323,2
2005,2
32590,2
55888,0
31894,2
8341,2
71668,2
4461,1
55536,0
49233,2
36262,2
53150,2
12816,2
47244,2
37620,2
46446,0
36994,0
2387,2
29562,0
11172,2
37239,1
33981,0
62693,2
14386,0
6162,2
52573,1
8414,0
63739,1
36413,2
27992,0
45650,0
63193,2
69151,1
26650,2
51900,2
16403,2
61742,0
33525,1
32499,0
60050,2
1543,0
26049,2
1211,2
63008,2
19786,2
63010,1
56542,0
1149,2
32642,0
24548,1
31159,2
65746,0
54389,1
53619,1
37712,1
45351,0
18234,2
63045,2
45051,2
43010,1
53532,2
45670,2
16810,2
63253,2
55110,0
42752,1
37309,1
22788,2
62318,2
71262,0
73283,0
16749,2
65949,2
1653,1
42059,0
50906,0
40190,0
50336,0
12020,0
56644,0
50949,2
39756,2
62917,0
34076,2
36307,2
50754,0
54767,0
35685,2
68667,2
58714,2
14418,2
7914,0
31467,1
21916,0
6396,2
56228,0
1458,2
56149,1
62306,0
5143,2
37213,1
34595,0
15981,0
19238,2
54463,2
53349,0
4696,0
54663,2
16949,2
40895,0
42250,2
9675,1
50382,2
15115,0
73775,2
2027,0
11694,0
67934,0
56923,0
44371,2
7978,2
40196,2
60758,2
56308,2
27273,0
16086,1
33285,2
63940,2
19839,2
48337,2
13562,2
8778,0
37983,1
71991,0
52554,2
7974,0
26466,1
2966,0
15435,1
65411,0
14473,2
49383,0
63681,0
55898,0
10879,2
8011,2
43388,2
26423,1
19940,2
59374,2
51191,1
46502,0
18839,2
71868,2
23402,2
57843,2
32984,1
21559,1
66613,2
25631,0
23823,2
55223,0
61902,2
16845,0
23676,2
31662,2
8450,1
24733,2
49198,2
71291,1
19277,0
38710,2
35699,2
51114,1
13971,1
7134,2
50889,2
63777,2
49784,2
70711,2
45908,2
8801,0
34120,2
46118,2
14711,0
61699,2
10762,1
70271,1
68793,0
62419,1
7293,2
23856,0
41292,1
11648,2
58421,2
24709,2
43869,0
5527,2
45462,2
63012,2
70191,2
66194,0
59349,0
44031,1
27596,2
67690,1
14339,2
34429,1
50923,2
42973,2
12372,0
32998,2
48183,2
20178,1
6213,0
40520,2
19532,0
41083,2
50349,0
44540,1
10,2
9864,2
72487,2
68186,0
69949,1
20191,2
23621,2
50360,2
19567,2
37692,1
72519,2
15829,2
35490,1
70196,2
69975,2
74118,2
43080,2
70998,0
13035,2
54117,2
26186,2
6242,0
36549,1
16302,0
37568,0
42094,0
27979,2
42768,0
51644,2
30297,2
46805,1
24934,2
61215,1
45916,0
49783,2
23980,2
29910,2
28396,2
63785,2
36788,1
16528,2
7713,0
72843,0
58683,0
66555,0
51012,0
26955,2
51886,1
12119,2
27189,0
3719,0
895,2
67830,2
51242,0
52440,0
26426,2
73153,2
51205,0
30033,0
28124,0
38541,0
72,0
39772,0
65316,2
22676,2
31294,0
45076,1
67709,2
33112,0
28183,2
8497,0
29430,1
61752,2
19422,2
16903,1
963,0
68008,2
44308,1
39294,1
18719,0
63516,2
32704,2
67468,0
34061,2
71974,2
59132,0
60460,2
48699,2
68015,2
57801,2
16954,1
5156,0
58803,0
40126,0
46598,1
31818,2
53429,2
31155,2
45435,0
62699,2
7233,0
25166,2
26892,1
57374,0
14044,2
45100,1
63407,1
49087,0
2876,2
8510,2
1163,1
38903,2
15342,0
59381,1
38372,0
16605,2
10414,1
55852,0
19824,2
4276,2
73325,2
58981,0
28050,0
47842,2
36471,0
42072,0
45613,0
15744,0
8106,0
22460,0
20063,0
59768,2
63293,1
141,2
6542,0
15262,2
4943,0
9111,0
50030,2
6944,1
61772,2
48494,0
26934,2
34040,2
61608,0
69176,0
64849,0
19983,2
64985,1
29425,0
12881,0
38052,0
29895,0
6333,2
7135,2
13044,0
24832,0
12883,2
66043,0
66724,1
2043,2
64545,2
45525,0
16304,2
18548,2
33577,2
21813,2
23524,2
9174,2
31827,2
647,2
70475,0
14957,1
65749,1
47711,0
23988,2
9321,0
67072,0
40945,2
63507,2
28438,0
37265,1
65696,1
3861,2
68208,0
46929,2
64228,0
37816,0
31809,0
18040,0
8950,0
56229,2
11859,0
31759,0
37125,2
21961,2
56601,0
61269,2
33277,0
51021,0
54626,0
19903,0
36017,1
26830,0
57331,0
34553,1
59843,0
57575,0
11335,0
13145,0
42121,2
16940,2
37477,2
22727,0
63598,2
44353,0
53658,2
19737,0
19990,1
5237,2
62222,0
12902,1
44967,1
7937,0
32948,1
55259,0
43985,2
46924,2
15678,2
69815,2
25269,2
25972,0
48697,2
10525,2
59333,0
55988,2
3949,0
61964,1
155,1
35257,1
43066,2
48024,0
51224,2
44891,0
55407,2
71866,2
9734,2
32113,2
69770,0
18286,2
63378,0
38560,2
35790,0
14852,0
14114,2
61376,2
34424,0
13461,0
47223,2
71048,2
1781,2
73317,0
58146,0
73438,0
1822,0
53257,2
56453,0
685,2
44528,2
29939,0
21714,0
37257,2
49549,1
8173,0
36382,0
28869,2
71500,2
41699,0
63260,2
64859,2
5443,2
4737,2
47808,2
992,2
55002,0
32467,0
42660,0
68458,2
21711,2
27953,0
20344,0
36260,2
12702,0
21463,2
66013,2
28849,0
67257,0
63384,2
71802,0
60610,2
31707,0
39316,2
43625,2
26101,1
7883,2
64769,1
39463,2
74181,1
73897,2
74153,0
33704,2
17126,0
47447,2
51247,0
67533,2
6533,2
14468,2
71872,0
22342,2
4559,0
26044,0
12750,0
27398,2
28874,1
71495,2
37808,2
29509,0
15775,0
16117,2
61746,0
3784,2
61903,2
8142,0
26610,2
11203,0
67195,2
39860,2
47437,2
12399,0
40888,0
63657,0
70866,1
63182,0
34916,2
37248,0
48590,0
68360,2
53358,1
69464,2
24090,0
17158,2
48134,2
31991,0
30548,2
59607,0
68062,0
72158,0
33210,2
51434,0
25649,2
48561,2
43678,0
1887,2
37609,2
12670,2
20612,2
51496,1
51516,1
64631,2
61247,2
2753,0
10603,2
30964,2
64158,0
27013,2
34866,0
57067,2
48499,2
27399,0
47334,2
46672,2
17559,0
629,0
36620,2
59794,0
6048,2
34798,1
46450,0
39612,1
24083,0
56047,2
5456,2
67961,0
48719,2
68999,0
71751,0
7084,2
12644,1
42842,2
57583,1
18171,2
5316,0
18945,0
19707,2
70734,2
11280,0
69969,1
10345,0
69992,2
13378,1
60813,0
24517,2
67270,0
35400,0
13712,0
53254,2
68340,2
68714,2
18944,2
52114,2
17597,2
60847,2
34757,2
39539,0
16799,2
68112,0
52118,2
20660,1
65885,2
21520,2
31114,0
22708,0
52296,0
71498,2
57034,2
71733,2
31417,2
29958,2
60931,0
50205,2
71233,0
22586,2
53543,0
40813,0
35850,0
27728,0
67323,2
55713,0
893,2
28002,1
31475,0
36465,0
63198,1
32935,0
27989,0
45955,0
31925,0
4217,2
55178,2
16277,1
42198,2
67792,0
5026,2
15902,0
62846,0
63063,2
52959,2
51817,0
43049,2
1721,2
23655,1
50177,2
68410,0
47820,2
23638,0
52868,0
43194,1
54800,0
53596,0
44296,2
62012,0
10798,0
65548,2
31089,2
73977,2
28997,1
37767,0
73118,1
21130,2
24449,1
33856,0
44712,2
61179,1
63580,2
56465,0
43171,0
807,2
20734,2
28158,2
56363,0
25537,0
66977,2
9326,2
72109,2
35835,2
8315,2
36836,0
28577,2
29624,2
47343,2
53401,0
37014,2
66226,2
49776,0
56931,0
32462,0
7515,1
73360,2
36248,2
3703,2
8812,2
52186,0
10027,0
33735,1
6647,2
36752,0
70605,0
69208,2
36961,0
2723,2
28460,2
66744,0
69098,2
26020,2
18906,0
12740,0
52397,0
2150,0
16504,0
1499,0
56965,2
4261,2
57140,2
26347,2
69863,2
59024,2
29550,2
61105,0
48539,0
54504,2
63512,2
34868,2
8320,2
10202,0
25264,0
13089,2
60120,2
64567,2
1554,2
71781,2
1670,0
56256,0
34671,2
51177,2
44188,2
6749,2
20227,2
26170,2
24172,2
32509,2
72369,0
67946,0
38173,2
50822,2
30825,1
34789,1
54878,2
25800,0
9048,0
7562,1
10022,2
63044,2
59539,2
35448,2
6452,2
4384,2
50032,2
21930,1
41920,2
14831,0
6098,0
34115,2
72003,0
36604,2
12107,2
24493,1
16531,0
15285,2
20368,0
7701,2
30373,2
2477,2
43670,1
8625,2
67852,2
39451,1
5075,0
46767,2
49351,2
56383,2
22440,0
69629,0
32730,2
4263,2
49706,2
55186,1
34098,1
5696,2
39202,2
58401,2
8876,0
59709,2
69319,2
55657,2
39297,2
19108,2
17955,2
23447,0
23933,2
64327,2
48534,1
27275,0
44938,2
54383,0
23395,2
40059,0
37574,2
35014,2
70292,2
14696,2
68206,1
53852,0
49737,2
57612,2
14716,0
25789,0
22947,0
42080,2
37336,2
309,2
29925,1
53896,2
36690,1
66815,1
14684,0
67935,2
48724,2
60341,2
33720,2
6820,0
15885,2
40080,0
34738,1
51308,0
21718,2
4969,2
28561,0
32841,1
50452,2
27481,0
7734,0
4073,2
4979,2
21178,2
29342,2
56098,1
64335,0
20553,0
39829,1
68068,2
65422,1
27612,2
46831,2
69275,2
35309,2
54588,2
44245,0
1814,0
32001,0
5051,0
36777,0
23967,2
60695,0
35148,0
12738,0
71944,2
34997,0
52598,2
36749,2
45600,0
66990,2
18921,1
37356,0
58,0
2782,2
3121,0
68176,0
63904,2
31712,2
64884,2
72931,1
13671,1
40406,2
55418,0
17463,0
5389,2
65507,0
43276,1
41495,0
69853,2
5371,0
26511,0
69359,2
26150,2
39377,2
57930,0
16562,2
61531,1
22439,2
2999,0
16841,0
60305,2
60381,0
10455,2
27098,2
2371,2
41127,1
28373,0
45393,2
67071,2
49869,1
22351,2
34038,2
44723,0
60154,2
1942,2
10257,2
12205,2
55314,0
23061,2
55893,0
48904,0
4546,2
39558,0
49653,0
39155,0
13072,2
12106,2
4207,0
24327,2
49540,2
41080,1
6189,2
32663,1
64314,2
39791,0
57167,2
11825,1
42656,0
54607,2
45579,0
46932,0
22209,2
32015,2
40793,0
39981,2
49713,0
55534,0
7783,0
55098,2
43479,1
53743,0
23114,2
56530,0
16656,2
54755,2
45264,0
28254,2
14881,0
72509,0
30918,2
22375,2
38421,2
58294,1
22382,2
22123,0
65169,2
54001,2
15617,2
66813,1
49733,0
8032,1
43522,2
20920,0
30176,2
40600,2
52695,0
24915,2
62297,2
37005,0
22349,0
47685,0
61162,2
9722,1
42191,2
1591,2
1749,0
5328,0
21706,1
72641,2
36576,2
29593,0
29747,0
24722,2
2589,2
12772,0
45968,1
7694,0
70721,2
54752,2
15631,2
15196,1
27491,1
58886,2
11452,2
68595,2
17010,2
32389,2
70251,0
61037,2
28646,2
64279,1
23914,2
17854,0
15790,2
41259,0
57303,2
65477,2
36115,0
5024,0
26401,1
50503,0
37724,2
62604,1
60534,2
59230,2
70007,0
44320,2
44300,2
41079,2
36488,1
46936,0
51117,0
21611,0
55628,2
70627,0
56387,2
64164,0
211,0
37448,2
43859,2
55991,2
67415,2
4815,0
68895,2
7529,2
42134,2
25759,0
46155,1
46770,2
40396,2
10161,2
68598,2
65668,0
20689,0
56474,0
35602,1
21596,2
10972,2
34504,0
26729,1
33566,0
60252,2
44621,0
7735,0
71771,0
54855,0
53293,2
20396,1
46415,1
26014,0
13069,2
12438,0
29991,2
55410,2
57016,0
30747,0
17037,2
66182,2
59989,2
57515,2
30252,0
68035,0
5458,2
26151,0
59485,0
43995,1
18700,0
60209,2
33950,0
5031,1
69205,0
71438,2
29381,2
53476,2
59701,2
25204,2
59623,2
4256,0
71737,2
56498,2
15268,2
4932,0
68591,2
30743,1
32203,2
66855,0
56575,0
66689,0
26201,2
62446,2
68896,2
4285,2
58304,2
1090,0
56425,2
5448,0
58864,0
3294,0
59793,0
22124,2
29314,2
48488,0
45616,0
61676,2
70593,2
44518,0
71455,2
15000,0
61442,2
15983,0
37233,2
22220,0
31231,2
1795,2
34190,2
7104,0
71818,0
13527,2
20332,0
16943,1
43641,0
42880,2
47758,2
62580,1
45459,2
46129,2
27706,2
70080,2
28446,2
6610,2
3554,1
4691,0
19103,2
27372,2
3735,0
57310,2
23690,1
16483,2
30119,2
57721,2
50631,2
71776,2
40418,1
8683,2
24816,2
31418,0
61889,1
54922,1
66417,2
41927,0
61208,2
33786,0
66677,2
48550,2
23063,0
27690,0
48021,2
44126,0
13873,2
49418,1
30356,0
48082,0
72114,2
7421,2
22275,0
24609,0
27332,2
20951,2
33633,0
26713,2
40360,2
11383,0
43349,2
28954,2
36421,0
2116,2
54232,0
37376,2
24479,1
28364,0
26169,0
6752,2
50594,1
50856,1
22568,2
17831,2
20238,0
59665,1
36675,2
59115,2
46658,2
47812,0
60337,0
5925,0
31724,0
18356,2
1949,2
2167,2
53020,2
24037,0
35004,2
8176,2
62817,2
44223,1
48211,2
72329,0
65035,2
9044,2
3890,1
51633,0
54844,2
33149,2
40421,0
27362,2
66893,1
31148,2
3362,0
51273,0
2769,2
31711,0
31865,2
30803,2
8755,0
48751,1
45069,2
35483,0
10863,2
46944,2
17175,2
63331,2
33245,2
47058,2
31091,0
21102,2
15897,2
60918,2
15964,0
63592,2
48162,0
55336,2
23352,2
6273,2
21356,1
5093,2
13518,2
63302,0
67702,1
42060,2
34084,0
39302,2
43093,1
6677,2
60475,2
58084,0
27102,0
49393,0
32029,2
2534,2
29386,2
72884,0
49553,1
37640,2
52508,2
34229,2
26645,2
72591,2
19022,0
6843,2
58105,0
27222,0
12353,0
13469,0
65600,1
66340,0
20533,2
2638,0
41245,2
43236,0
61688,2
19508,0
8407,2
71177,0
4740,2
47394,2
20283,0
13542,0
32220,1
50079,2
7409,0
67526,0
65825,1
65748,2
12304,0
16886,0
62540,0
38544,2
36281,2
54460,2
33503,2
7085,0
31584,0
57994,1
24268,2
32295,2
56790,2
37155,0
9050,2
10367,2
41842,0
43939,0
52426,2
47664,0
20760,0
10490,0
22461,2
16069,2
47408,2
48598,2
34799,0
43548,0
63173,0
9774,0
5586,0
51441,0
29407,0
14925,0
7545,2
59994,2
41183,1
21300,2
11250,2
20863,2
59895,0
48954,2
73416,2
15152,2
23013,2
70529,0
17961,2
2498,0
72551,0
61577,0
911,0
41945,0
23227,1
35464,0
40170,2
25137,0
17958,1
42310,0
24925,0
16288,2
22892,2
53395,2
71225,0
66085,0
7992,2
26488,1
29089,2
57488,0
42568,0
62342,0
6042,0
55931,0
50120,2
14780,2
65623,2
17926,2
21498,0
18899,0
25993,2
72535,1
51289,2
27104,0
30354,1
54408,2
25350,0
36398,2
67096,0
47684,1
73219,2
49739,0
110,0
40616,0
3350,0
68614,2
2016,2
44757,0
48832,2
5270,2
2801,2
41269,0
19326,2
34202,0
42911,0
22262,0
15408,2
50064,2
60181,2
69782,0
57210,2
62568,2
73904,0
38504,2
16951,2
11940,0
45124,2
41573,2
68579,0
3805,0
62667,2
36172,2
53569,0
28618,0
19459,2
3664,2
19947,2
31071,0
55861,2
38218,1
39255,1
51942,1
50790,2
17930,0
698,2
21774,2
11529,0
38015,2
53402,2
55762,0
4298,1
31356,1
20177,2
51598,2
64420,2
26881,0
63444,2
38567,0
11257,0
68124,2
14944,0
50281,2
48627,2
470,1
15407,0
45543,0
56078,1
31388,2
7246,2
33908,0
13710,0
16404,1
24105,2
19610,0
4411,0
6982,0
20296,0
24643,0
38334,1
48315,2
50851,1
41147,1
1514,2
29844,0
25169,2
72723,2
10136,0
59605,2
56356,0
53971,2
68077,0
27737,2
37311,0
44229,2
69141,2
41340,0
12100,0
61502,2
21189,2
14063,2
55070,2
49559,0
33842,2
4130,0
7818,0
72361,2
64742,0
61231,1
53261,1
58156,1
42102,2
31210,2
69881,2
71904,2
1215,1
58848,2
6857,2
65644,1
14807,0
73199,0
60173,1
53803,1
38979,0
23825,2
40376,2
6132,0
8903,2
5779,0
60441,1
46075,0
30392,2
41801,2
47412,1
29654,0
32394,1
56666,0
69076,2
35188,2
34273,2
13381,2
36639,0
37876,2
34566,1
62432,0
60288,2
16011,2
35758,2
46456,2
19936,2
54818,2
61822,2
37824,0
71017,2
30698,0
66683,2
43384,0
22428,0
62652,2
10643,2
51461,2
25245,0
39179,2
12703,2
69265,0
30517,2
27715,2
1504,2
41032,0
39742,2
57079,2
41477,1
37456,0
48056,2
63113,2
72360,0
7551,2
19322,2
499,2
33431,0
6906,2
68701,2
4871,2
39458,1
57011,2
64178,0
15246,0
50480,2
68413,2
8121,0
31057,2
42490,2
30664,2
14394,0
4509,0
26561,0
9565,2
66460,1
29764,0
6138,2
54470,0
10548,0
1256,2
5867,0
13930,2
46273,0
69947,0
31805,2
522,0
36310,2
47096,1
11048,2
9469,2
35945,1
61346,0
31897,0
52291,2
72256,0
1291,2
55682,0
20974,2
10315,0
20699,0
12157,2
25750,2
56563,2
59935,0
11608,2
37509,1
70547,2
66064,0
64905,0
16523,0
30701,2
64533,2
57607,2
21781,2
41554,0
56419,1
16991,2
68549,2
58628,2
69701,0
31191,2
69347,0
59209,2
67918,2
8061,0
9841,0
63310,2
65350,2
7606,2
44982,2
18683,2
22239,1
13696,2
63396,2
62899,0
5394,0
10986,2
59594,0
39182,0
59577,2
67854,2
30071,0
71403,2
17965,2
65452,0
64723,0
31752,2
8795,2
66556,0
22598,2
18378,2
11939,2
34346,2
66548,0
61197,2
8672,2
29283,2
47333,1
3225,1
51152,2
61277,1
45438,2
2166,2
35456,2
56027,2
19698,0
51033,0
58323,0
34236,0
37071,2
58591,2
47868,2
8112,2
44275,0
39331,0
50046,0
44980,2
38007,2
23789,2
68862,1
22079,2
54985,2
49959,0
18380,2
60583,0
33497,0
43490,2
8807,2
5747,0
52709,0
43612,0
17914,0
13399,0
67798,0
22412,2
14586,1
35573,0
57894,2
46208,0
39006,0
38238,0
34634,0
57416,2
55916,2
12828,0
57643,2
44684,0
33002,2
52177,2
14719,2
21400,2
4201,0
19517,2
20607,2
3932,2
3481,2
21181,2
14888,0
37744,0
59540,2
35488,1
43842,0
13433,0
63071,0
72521,0
40848,2
49705,2
51192,0
5217,2
49051,2
57482,2
47095,0
59635,0
15497,0
24011,2
5577,2
39850,2
64109,2
64474,0
12837,0
46738,2
30574,0
34210,0
35436,2
26739,2
7241,0
3353,0
60625,0
21867,0
28436,2
36486,2
13432,2
46602,2
34097,2
16828,0
36742,2
71633,2
71052,2
27476,2
14966,2
8531,2
16018,2
70095,2
31557,1
43472,2
50305,2
25706,0
22292,2
71416,0
3190,2
52905,2
27084,2
18937,2
52417,2
10267,2
68003,0
1329,2
4936,2
20002,0
43332,2
62311,0
16242,0
5406,2
33750,0
55547,1
21572,2
31085,0
376,0
72694,0
52794,0
59717,0
7462,2
9964,2
8653,0
69055,0
5487,2
51823,0
15109,0
27511,2
63525,2
72240,2
53055,0
73431,2
15334,2
33029,2
52596,2
43053,1
56063,2
49781,1
44482,0
3205,1
37319,2
62095,2
16735,0
13161,0
30869,2
39626,2
56344,2
13700,2
9444,2
23462,2
25609,0
34135,2
56778,0
22653,2
41366,2
54546,0
43502,2
43365,1
69239,2
50209,0
35435,0
60894,2
64464,0
59877,0
69755,0
36517,0
38659,2
4189,0
72364,0
64657,2
46469,0
27963,1
6947,0
34542,0
53997,0
62556,2
5843,2
21870,0
43832,2
40795,0
21440,0
11039,1
43528,0
239,0
26380,0
38647,2
48412,2
68511,0
12238,0
2093,1
27339,2
58736,1
14276,2
26025,0
38020,1
32110,2
23427,2
45970,2
25224,2
53274,2
47911,2
36300,0
15658,0
23520,2
65249,2
56702,0
43405,2
13672,1
33163,0
63981,2
36722,2
67643,2
10936,2
4825,0
33878,2
7487,2
17229,0
6380,2
67059,1
908,2
29056,0
28164,2
70997,2
50773,2
71766,0
26527,0
53553,2
71812,0
8986,2
59512,0
63839,0
5222,2
34905,0
57699,2
39865,1
32734,0
54012,0
23234,0
49788,2
59224,2
18106,0
42100,0
29180,2
54352,2
38494,2
54136,0
4940,0
28323,2
61153,2
31314,2
22678,1
53107,2
54161,0
59612,2
11171,0
23677,0
22938,0
15366,2
72580,2
59020,0
46270,2
51428,0
1112,0
31293,2
47926,2
27006,0
59918,2
70094,0
40972,1
7948,0
52989,0
5982,2
24877,1
51940,1
1341,0
43146,2
6880,1
32765,2
32627,2
70134,0
8787,1
4066,2
70433,0
32868,0
11624,0
15056,2
22780,1
44660,0
1496,0
6864,2
8770,0
9682,2
73841,0
37414,1
10722,2
41787,2
45190,2
9604,0
47715,2
38934,0
6444,0
18174,0
36756,1
68543,2
11775,2
12058,2
48714,2
52679,2
23704,0
48811,0
10541,0
72560,0
31915,2
53960,2
29446,0
26128,0
23103,0
16615,2
4272,0
28720,0
68353,2
73798,0
9175,2
63050,2
27870,0
36256,0
26353,0
24430,2
62751,0
7964,0
56958,2
51602,0
15665,2
64059,0
40087,0
64304,2
4818,1
46095,0
6049,0
18229,2
14411,2
30558,2
60796,2
50379,2
37059,2
2557,2
5290,0
38997,2
47392,0
44115,2
9614,0
47370,2
62246,2
69833,2
10664,2
66315,2
17913,0
13550,2
56950,1
19300,2
13319,0
72985,0
67104,2
28893,0
26006,2
63817,0
1111,0
9615,0
16306,2
67730,0
16675,0
69371,0
58484,2
28451,2
42797,2
1178,2
24421,1
29014,2
12359,1
18971,0
44017,2
15187,0
10338,2
58504,2
38726,0
62744,1
67296,0
55558,2
36126,2
69422,0
54150,0
27187,2
73170,2
4394,0
39962,0
71858,2
60606,2
30365,0
73121,2
54644,2
26638,2
36329,0
34345,2
2318,2
71715,2
73103,2
2185,0
46575,0
20042,2
61107,2
65645,2
18053,2
56921,1
6111,2
17409,0
33077,2
2519,1
13495,2
32596,0
27621,2
60094,1
56362,0
34672,0
34476,2
50728,2
14821,2
52174,0
7291,2
73044,2
14159,2
19526,1
11163,0
41706,2
14363,0
19333,1
1677,0
40762,2
38982,2
7718,2
72846,0
50181,2
7514,0
50117,0
20636,2
44462,0
68800,0
57173,0
62350,0
70546,0
6529,1
21442,0
1257,2
40064,2
7899,0
62371,0
45488,2
46077,2
49472,0
41199,2
8261,2
72051,2
11563,2
53759,2
73457,0
51295,2
43493,2
66826,2
44407,2
28047,2
50342,0
55775,2
6789,2
6473,2
55749,2
54895,2
25079,2
3737,0
19823,2
36578,2
66180,0
17114,2
10824,2
32974,0
47691,0
26392,0
14786,2
34188,2
13881,2
43786,2
67567,2
46747,2
58369,0
58889,0
48708,0
33600,2
63862,2
43283,0
27564,0
58996,0
52645,2
64953,0
4202,2
22617,0
6524,2
62232,2
62473,2
974,0
33165,0
1081,0
32171,0
14598,2
35549,1
19917,0
66923,0
50436,1
64269,2
32771,0
58426,2
35167,1
7516,1
70862,0
11026,2
31267,1
16714,0
13517,2
5099,0
47778,0
33669,2
1332,2
25957,0
33614,2
72272,2
4838,2
48775,0
44814,2
25167,2
32134,2
23862,0
72628,2
14414,2
46094,0
33859,0
48077,0
31870,2
14333,2
59575,2
54673,2
11755,1
24848,2
64596,0
70391,0
13968,2
41052,0
22845,1
71270,2
65990,2
8307,0
47536,2
13974,1
41198,0
50254,0
50107,0
42235,2
47315,2
13665,2
33111,2
66637,0
74249,0
21903,0
44286,2
61791,2
24456,2
67489,0
51436,0
62603,2
69908,2
20761,2
12733,1
7719,0
62328,2
53940,2
61786,2
39842,2
12818,2
6536,0
21758,2
73247,2
986,0
70758,2
26371,0
56332,1
66993,2
40891,0
28079,2
39634,0
42038,1
37240,0
40039,0
24845,0
50096,2
67125,2
30785,2
32091,2
20465,2
45410,0
50931,1
22633,2
20435,2
50296,0
54252,0
62491,2
52673,2
2910,2
7802,2
68242,0
23834,2
39627,2
8242,2
62539,1
73653,2
14020,1
8593,2
7390,2
22474,0
50393,0
39703,2
4438,1
17609,2
45128,0
14087,0
39474,0
62229,0
44087,0
286,2
2164,2
69459,1
41502,1
46524,0
19325,2
37734,1
30379,0
32677,2
31657,0
33367,2
35200,2
29344,2
8439,2
6882,0
42207,2
34461,2
30523,2
72810,1
18799,0
67318,0
11056,2
37231,2
39073,0
33085,2
25982,2
17002,2
35301,2
70473,0
38110,2
71769,2
5267,2
58173,2
13385,2
12010,2
41938,2
54865,0
63415,1
69054,0
46783,1
46862,0
64826,2
59631,2
49729,2
60151,2
60623,0
51727,1
55659,2
48763,1
49589,1
71439,0
34268,0
31396,0
63875,0
38514,2
38648,0
36619,2
42178,2
8051,0
64033,2
72127,0
14191,2
36627,0
67594,1
66552,2
70176,0
28737,1
3066,0
10261,1
51787,0
6270,2
37622,0
39054,2
28677,0
7581,2
59323,2
46284,2
54745,1
71266,2
3483,0
12242,2
15831,0
16239,2
17052,2
61988,2
61636,2
51255,2
49512,2
20756,1
70768,2
30311,2
28248,2
43017,2
13354,2
38256,0
26485,2
898,0
65448,2
4944,2
16145,1
18307,1
58292,2
57186,2
64776,2
35026,2
18362,1
17334,0
31631,1
33695,2
67304,0
72293,0
68064,0
42093,2
2195,0
18441,2
21188,2
67228,0
58228,1
14791,0
6393,0
44053,0
30939,2
45825,0
8335,2
9879,0
30300,2
22790,2
18402,2
16545,0
10738,2
52053,0
2929,1
64731,2
26920,0
69277,1
10892,1
58451,0
11398,1
14890,1
47652,2
23728,2
21114,2
5647,1
14,2
11193,0
40249,2
38351,2
9316,2
60929,1
8149,1
43121,2
28726,0
65299,2
52819,0
58190,2
29780,2
54768,2
48105,0
68955,0
60901,2
13134,2
13437,0
4627,0
14843,1
32493,2
41206,0
22111,0
49124,2
63355,0
40608,0
52188,2
2286,2
28381,0
46426,2
7643,2
29385,2
5092,0
49990,0
21923,2
24705,2
17190,2
69070,2
55785,0
11241,2
72721,0
5453,1
72919,2
16165,0
14021,2
66787,2
28941,2
45127,0
29204,2
40049,1
5604,0
45864,0
66649,2
53490,1
40759,0
49462,2
56164,0
60538,0
54403,2
60683,0
15314,0
61870,2
11937,0
4195,0
30705,1
4216,2
3858,2
46111,2
39409,1
12892,2
70642,1
945,0
71295,0
72251,0
2925,2
65804,0
26909,0
53362,0
15485,0
34358,2
29170,0
34990,2
69658,0
14625,0
8207,2
30245,2
66270,2
40842,2
24668,2
52433,2
57176,2
8514,2
39849,0
13877,2
36801,2
68050,2
12900,2
14730,0
45007,1
56695,0
4152,0
59840,2
1939,0
30955,0
61685,0
48635,2
14552,0
72830,0
21074,0
25444,0
6462,2
29267,2
10088,2
73650,2
59502,0
34668,2
4334,2
49129,2
35547,0
38994,2
44561,2
32207,2
62858,0
65211,0
70633,0
38636,2
8610,2
48220,2
20658,2
44565,1
38818,0
24552,0
55617,1
18813,0
3887,0
7652,0
63803,2
31515,0
30285,0
25988,2
29309,0
55313,2
59827,0
8048,2
12599,0
59715,2
612,0
17971,2
8577,1
43702,2
29284,0
37817,0
39263,2
39615,2
61689,0
59162,2
29733,1
32753,0
30591,0
49548,1
21527,2
67483,0
46042,0
1768,2
39709,0
22669,2
57,2
5762,2
47582,2
2862,0
47170,0
43406,2
33756,2
8463,2
7951,2
42415,0
27202,2
58719,0
26223,2
59975,1
28279,0
57792,2
40749,2
38160,2
47234,2
73602,2
49254,1
70767,2
71701,2
26102,2
51929,0
25360,2
66007,0
72654,2
65157,0
20728,2
13267,1
74200,0
59716,0
34970,2
6895,0
56478,1
60043,2
6222,2
60691,0
19270,0
42962,2
21802,1
50828,2
64804,0
40963,2
40147,1
13147,2
7845,1
52978,0
3003,2
54586,0
59047,0
38414,0
22391,1
25558,2
3803,0
48046,2
36401,1
58067,1
57977,0
6300,0
49887,0
55477,2
467,2
62856,2
16904,0
34787,0
51016,2
10843,2
72313,2
18563,2
42381,2
50789,2
47414,2
54491,2
44236,2
12944,0
48838,1
43970,1
67142,2
56464,2
36720,0
11070,2
69602,2
56711,2
14163,2
7544,0
26724,0
72299,2
59216,2
23756,2
74231,0
5232,1
22134,1
16005,2
12699,0
99,2
52210,2
71459,0
42380,1
61620,2
41726,2
19149,2
37143,2
7923,2
28857,2
26399,0
65959,0
57306,1
67765,2
27941,2
35289,2
18215,0
26253,2
54529,1
31697,1
8104,1
2807,1
29453,0
577,0
68031,2
27825,1
64576,2
58288,1
27431,1
61285,2
46185,2
58575,2
69077,2
32105,1
46471,0
54695,0
31802,2
71458,2
54972,1
40108,2
50935,2
32323,0
16270,0
21122,2
54245,2
44043,2
608,0
1283,2
25483,1
57055,2
57004,0
62307,2
50142,0
22594,2
42991,2
44179,0
15655,0
39337,2
3217,0
26509,0
58943,0
19539,0
64076,2
64488,2
568,2
57564,2
62155,0
65321,0
12001,0
31702,2
38338,2
22078,2
32380,2
66965,2
25186,2
50134,0
53846,0
27464,0
25121,0
21985,2
53515,2
24453,2
48251,2
16493,0
1804,0
5903,2
5491,0
57883,2
15425,2
50451,2
74119,1
61753,2
23384,0
33853,2
67972,2
44988,2
66534,2
28176,2
18379,2
7680,0
25068,2
51455,0
17394,2
25825,2
17651,2
72398,2
40844,2
1431,1
12617,0
40008,2
12049,0
27403,2
8601,0
54662,0
19569,2
69251,0
70069,1
34850,2
47036,1
1676,2
30504,2
68665,0
34456,2
22954,2
24823,2
26825,0
49631,2
25989,2
62641,2
28350,1
12806,2
14474,1
67458,1
21103,0
26165,0
65119,2
12626,2
69907,0
74049,2
44574,2
67258,2
16319,0
65094,0
64187,2
68497,2
24069,0
21600,0
36077,2
46547,2
56060,0
34888,2
50961,0
39203,0
68095,2
17316,2
48415,0
40834,0
24590,2
23552,0
68691,2
36218,2
43983,2
42921,2
17778,2
46927,0
36832,0
882,0
37687,2
39567,0
23280,0
19928,0
8183,0
23944,2
47735,0
59882,2
57313,2
41790,2
25420,1
42777,2
57605,0
68122,2
21932,1
52773,0
45868,0
8319,0
69754,0
59411,0
47090,0
37380,0
59858,1
42633,2
26313,0
35112,2
8279,2
58083,2
53837,2
42907,1
48626,2
14154,1
39773,0
56730,0
26776,1
12858,0
45906,2
59171,2
50830,1
19033,2
43127,2
7278,1
19109,2
9528,0
71598,2
55287,2
24358,2
61503,1
1960,2
66332,0
39978,2
44947,0
72144,0
30154,0
42395,2
9239,0
55411,2
51794,0
24024,0
29145,2
32464,0
3106,0
55498,2
63388,0
13159,2
29978,2
1164,2
24537,2
47659,0
37457,1
37243,1
55664,2
32312,0
35272,1
22943,1
32413,2
60726,2
28151,2
38586,2
1884,1
31322,1
1207,0
35115,0
3509,0
21157,2
2478,2
69155,0
25200,0
63976,0
55421,1
48643,2
39517,2
15070,0
55913,2
10329,2
67122,2
50043,2
20278,1
37480,2
65638,1
45914,0
15438,2
73050,2
53706,2
61325,2
57180,0
5399,0
6465,2
36014,2
41278,2
67975,2
39857,2
7103,2
57075,0
7098,2
34409,0
6500,2
36856,0
59847,1
62228,2
28636,2
71546,2
33611,2
67035,2
51737,2
63250,0
44439,1
3298,2
45266,0
39647,0
37026,2
38962,1
53549,0
15399,0
34031,2
58734,2
56598,2
70415,0
1687,0
52090,2
25281,0
11034,2
20183,0
51797,0
56191,0
25048,1
9013,2
57074,2
21345,2
48194,0
23721,0
33955,2
29035,2
50867,0
39569,0
12327,0
47477,0
69534,2
30171,2
18332,0
14896,1
52766,2
26727,0
53097,0
25172,2
69382,0
65996,2
42636,2
1413,2
72574,2
57312,2
37644,0
8549,2
39485,2
16961,0
30585,1
32390,2
62198,2
63668,2
14184,0
7193,2
52243,2
59945,1
56897,0
58215,0
18209,2
53764,0
848,1
1707,2
65820,2
22104,1
48439,2
16470,0
37389,2
70441,0
5210,2
39894,2
17150,1
54600,0
73520,2
66848,0
68051,2
26216,0
39324,1
53073,2
60366,2
71197,2
7006,2
50938,2
46275,2
20459,1
63745,2
9962,2
1681,0
21529,2
42212,2
36770,2
60473,0
20372,0
5632,0
61488,0
60593,0
19378,2
73148,2
62574,0
59110,0
59140,2
44576,2
66933,2
29890,0
67042,2
61009,0
44726,2
25043,1
54312,0
71662,0
56699,2
22065,0
7738,2
16542,2
12468,2
70955,0
8455,0
53874,0
37,2
64520,0
976,0
40876,2
41189,1
38947,2
27344,1
39227,0
11312,1
59784,1
23150,0
49988,2
56929,0
1010,2
30778,0
24906,2
8559,0
22797,2
3220,2
16580,0
9064,1
3312,0
50226,0
53459,2
51710,2
60666,2
15111,0
57934,0
13890,0
24884,0
11671,0
74245,2
47775,2
52660,2
643,2
293,2
2139,1
16955,0
58026,2
34704,1
61523,2
57633,2
39644,0
27526,1
45028,2
2666,0
52126,2
65339,2
26912,0
68155,2
40392,1
23890,0
12448,1
5488,0
67711,0
3152,0
40989,0
61,0
59992,0
3933,2
46686,0
48389,2
12826,0
41887,2
23203,2
59652,1
19999,2
29057,0
36247,0
29742,0
30182,0
34775,2
46209,2
63717,0
38599,0
41201,2
14308,1
39512,2
44464,0
50262,2
32860,2
7812,2
44340,1
22221,2
13826,0
56656,0
65388,0
37402,2
41100,2
2191,1
38388,1
24062,2
29831,1
24464,2
16384,0
28705,0
37701,1
34083,2
17139,0
17549,2
24277,0
27061,2
28842,2
71994,2
47895,2
51411,0
22449,2
61372,2
24195,0
37174,2
52171,2
38391,0
63122,2
41063,0
53165,0
360,2
59527,0
43274,1
61206,2
2036,1
45677,2
64311,1
65893,2
71278,1
48246,1
22498,2
18500,2
6458,2
62589,2
24477,0
11725,0
55613,0
50765,2
38233,2
69097,0
13288,2
54473,0
33472,1
60519,2
30144,0
60541,2
37982,2
43851,0
3537,0
21294,2
29616,0
56884,2
16193,1
50973,0
35663,1
19292,1
14416,2
6573,2
30247,0
71050,2
3158,2
11946,0
15293,2
5044,0
62119,2
7323,0
11400,0
66947,0
29069,2
58046,2
11042,2
6912,2
67337,1
73490,0
21699,0
27661,2
57655,2
34205,2
48625,2
16525,2
67572,2
1612,2
59386,2
38170,2
73589,2
65056,2
22240,2
42863,1
58240,2
54751,0
11556,0
70450,1
24362,2
4750,0
50387,1
4601,2
71456,0
70273,2
69921,2
57925,2
23973,2
12497,0
55296,0
21281,2
16122,0
26891,0
63320,0
29061,1
28374,2
37726,2
70190,0
51894,2
26969,2
45885,2
37745,2
39389,2
49704,1
32173,0
35431,2
55961,0
62230,0
32594,0
57561,2
39593,0
62083,2
6232,2
17677,1
48999,2
47507,0
42938,2
1538,2
55340,2
34058,0
8037,0
44777,0
17812,2
60735,0
44860,2
23109,0
72528,2
66212,2
44337,1
14601,2
46005,1
71705,0
17013,2
59368,2
49364,2
55804,2
58096,2
24387,2
3521,2
9635,1
67556,0
45500,2
53462,2
54243,0
55739,0
21656,0
65341,2
70960,0
13784,2
63003,1
46143,2
36983,1
59325,2
9214,0
36362,2
22379,2
37079,0
2779,0
28003,0
26492,2
24304,1
41876,2
56346,2
65680,0
71025,1
44631,0
9460,0
30563,0
45631,0
19514,2
52940,2
59528,1
52617,0
4213,0
57592,2
44387,0
53505,1
73637,2
21804,2
60569,2
18502,0
9816,0
73842,2
33693,2
23400,0
2007,0
60771,1
52860,1
17417,1
70232,2
70958,2
44071,2
57440,2
32222,1
39686,2
40568,0
23831,0
50613,0
53373,2
43537,2
418,0
35425,1
18526,0
39663,2
45992,1
68971,1
68002,2
21061,2
16410,2
33371,2
68737,2
21543,1
32357,0
52886,0
19264,0
15406,2
7237,2
56690,2
43235,0
40428,2
20882,0
65930,2
23023,0
11075,0
16120,2
73332,1
36855,1
32298,0
39350,2
65624,2
24712,2
18244,0
36651,2
61122,2
68722,2
15796,1
38597,0
34351,0
12926,2
1361,2
29504,2
6331,0
73064,0
66291,0
5937,2
44648,1
30642,0
18223,2
55354,0
1271,2
47798,2
14435,2
19355,0
14820,2
4391,1
41984,0
17455,0
14667,2
67276,0
70116,2
38843,2
62833,0
21786,2
5137,1
5686,2
65577,2
9557,0
8235,0
70184,2
65334,0
26422,2
5221,1
60250,2
33742,0
33754,2
15113,2
20021,1
10968,0
37645,2
65442,0
46801,0
42681,2
9218,0
10618,2
18376,0
7081,1
21325,0
41513,0
16539,2
17077,2
11969,2
2070,0
17938,2
67058,1
14106,2
1931,0
73979,2
35763,1
21561,2
1103,1
15088,2
39675,0
34594,0
64632,1
20266,2
22802,2
20208,2
29300,0
42717,2
12594,1
17034,2
60913,2
42050,0
6973,0
46869,2
17457,0
54619,2
52675,2
27072,0
7849,0
62488,2
70763,0
13032,2
54851,2
67968,0
21690,2
56415,2
31352,0
54253,2
23650,0
62683,0
35693,1
25763,2
72950,0
37896,1
54366,0
39279,0
43971,2
2467,1
72516,2
17266,1
41746,0
9315,1
9802,2
73506,0
5285,0
16827,2
58094,0
44719,2
18637,1
18424,2
62010,2
8026,1
37848,1
13326,2
7242,1
46232,0
19179,2
14255,2
32278,1
10351,0
67825,0
21183,0
61650,1
59417,2
66902,2
70705,2
21628,1
10378,2
56626,0
61840,0
26069,0
3908,0
24649,2
70847,2
15653,0
27627,1
21686,0
68716,0
29521,0
22080,2
42316,2
53156,0
42473,1
62809,0
54281,2
26936,2
29131,2
48466,1
11104,2
66914,2
63887,2
21757,0
73040,0
34779,0
21700,2
7268,2
51233,1
37499,2
59693,0
809,2
2180,1
47537,2
28332,0
33752,2
65426,2
44628,1
46639,2
44845,1
11895,0
54493,1
13255,0
67476,1
29614,0
54037,0
15774,2
4143,2
42584,2
26078,0
52117,2
66364,2
39422,2
5059,2
11368,2
63125,1
34139,2
16369,2
37872,0
65715,0
34168,0
53439,0
73135,2
45135,2
20895,2
13482,2
56331,2
30607,2
73691,2
26600,2
58388,0
21552,0
12509,2
36976,2
31494,2
28101,0
53848,2
19254,2
60255,2
33398,0
55848,2
25229,2
44973,2
50712,0
5430,1
33434,2
60846,0
14650,2
50744,2
73945,0
29167,2
44551,2
61028,2
56916,0
16281,2
13025,0
35381,1
23998,0
42149,0
50554,2
58167,0
14894,2
32801,1
55370,1
25700,2
6078,2
2140,0
46147,2
46030,0
29541,0
69454,0
65110,2
8860,2
71309,0
51449,2
60016,2
70162,0
22698,0
8701,2
42087,2
52958,0
33952,1
15459,2
34985,2
6754,2
61225,2
74143,2
22223,2
17078,2
55822,2
70421,2
62747,1
70057,2
11752,1
44165,0
73534,2
11963,2
52152,2
26850,0
67913,0
13600,2
5956,2
34401,1
53900,2
27036,2
47864,2
14057,2
24223,0
53430,2
4891,2
31899,0
33808,1
39013,0
2190,0
68867,0
70725,2
66858,2
55226,2
21029,2
55510,0
44942,2
33340,2
47603,0
14297,2
38397,2
34285,2
58070,0
63460,2
10259,1
28421,0
14274,2
13695,0
2262,2
55545,1
70373,0
54022,0
73875,2
44027,2
49745,0
66829,2
49358,0
71605,0
59222,2
5984,2
64316,2
47702,0
45022,2
43244,2
47670,2
24798,0
15175,2
68072,0
32703,0
60905,1
28690,0
69232,2
32533,2
11375,2
47663,2
30430,1
28550,2
36663,2
40387,0
51578,2
3534,2
47508,2
63630,2
26671,2
34243,2
2181,0
11259,0
36185,2
36500,0
27563,0
2867,0
9370,1
66898,2
894,2
43172,0
61008,0
1871,0
24562,0
74138,2
43953,2
14738,0
72983,2
61959,1
38608,0
16485,1
73988,2
39284,0
29207,2
47081,2
49101,0
34517,0
31059,0
57432,2
6346,2
72650,2
5677,0
39376,0
24347,2
26503,2
48360,2
61135,0
7382,0
9684,0
28706,0
30674,2
68709,2
68555,1
2891,0
8325,2
35792,0
21525,2
54970,2
62634,0
20452,0
69576,1
2868,1
26716,1
13707,2
48742,2
10004,0
43570,0
64844,2
30482,1
54847,0
22657,1
8249,2
9243,2
35067,2
1857,2
35742,0
5800,0
60514,2
40830,2
27127,2
71753,0
51047,2
53739,2
23929,2
53104,2
58724,2
65168,2
35803,0
42604,2
41814,0
29197,2
62221,2
45377,2
26715,2
61468,0
25038,0
58810,2
10713,2
22734,2
16087,1
18149,2
36657,2
4068,0
63610,0
39301,2
59813,2
36574,1
4406,2
65365,2
44055,2
70621,2
2247,2
6935,2
4418,2
60547,2
135,2
24055,2
1312,2
10331,0
26177,2
33162,1
7062,0
22851,2
28423,2
41251,0
20422,2
34257,1
16064,2
40453,0
54622,0
16920,2
33310,2
22136,2
63341,0
19356,0
71628,2
64094,0
11925,2
59084,2
37215,0
35362,2
65020,0
3718,2
44761,0
1471,2
23132,2
40859,2
62566,2
22401,2
28889,0
35117,2
61481,0
27111,0
19631,2
1482,0
7428,1
3388,0
39395,0
28660,2
47388,1
50865,2
39358,2
11569,2
12754,1
36511,2
51901,0
43635,0
49977,2
26436,0
39764,2
59511,1
67376,0
18372,2
60995,2
4370,2
32477,2
61244,2
14604,2
16439,2
57621,2
14019,2
24041,1
1934,1
9465,2
54058,2
29854,0
55860,2
2174,2
42337,2
69450,2
35051,2
71593,0
8482,2
20941,0
64392,2
51397,2
41591,0
23332,0
32115,2
41692,1
25771,2
32552,0
3331,0
54540,0
503,0
71143,2
7807,0
57653,2
51315,2
24220,0
67953,2
54094,2
45292,2
31549,2
37511,1
68378,0
15031,2
58739,0
8089,1
21828,0
7638,2
56568,2
29502,2
14198,2
63751,0
5928,2
42267,2
69493,0
64556,2
22629,2
49173,1
2358,0
32709,0
28752,2
7917,2
29189,2
2159,0
43104,2
43457,2
36883,0
24201,2
40839,0
27603,2
58623,2
3144,2
42970,0
30336,0
56071,2
53451,0
35703,0
39991,0
30947,0
22468,2
62861,2
53501,0
56510,2
4508,2
57787,0
49951,0
3872,2
56684,2
67903,2
56467,2
38739,0
18343,2
13767,2
62621,0
73869,0
70262,0
71693,2
20174,1
15549,2
62113,1
29511,0
9501,0
66604,1
39581,1
36831,2
21060,0
9519,0
64673,2
32122,0
56799,1
10080,1
13909,0
22956,2
43508,0
43680,0
9719,2
45095,2
62238,2
10929,0
72578,0
3060,0
46841,0
12034,0
16234,2
9795,2
3641,2
20787,2
63937,2
36040,0
67076,2
65787,1
50760,2
31362,2
63329,2
60993,1
48268,2
13857,0
62212,1
10234,2
49460,2
67804,0
60775,0
3648,2
40853,0
36292,2
67873,2
33543,2
64414,0
64541,2
70060,2
63551,0
30021,0
11373,2
2006,2
62388,2
47949,0
23075,0
54591,2
4415,0
18438,0
47227,1
32803,2
61007,0
65713,2
4149,0
12758,2
13084,1
35610,1
54093,2
42439,1
40534,2
46477,2
63169,0
4545,2
67788,2
70091,0
53996,2
17796,0
55847,2
64785,0
26140,0
56381,2
68966,2
51300,2
51757,2
65640,1
21027,2
53724,2
26908,2
25652,2
71040,1
53348,0
19782,1
36271,1
26541,2
70464,1
59058,0
56509,0
50996,2
70413,0
19540,2
17886,2
2095,0
61538,0
65494,2
45491,2
37220,2
54218,0
59686,1
31393,2
55054,1
21958,0
66499,2
69750,2
40828,2
10927,0
52853,1
20436,2
2178,2
70197,2
42000,2
58941,2
61707,0
28955,0
61906,2
48164,2
45217,2
56244,2
66945,0
20655,1
7924,1
19171,0
65349,0
40561,2
1023,2
1508,1
26647,2
70445,2
50199,1
26964,0
32219,2
16046,2
15737,2
72539,0
67393,0
29013,2
23734,2
73315,2
31537,2
6953,2
41659,2
4867,0
21370,1
65133,1
9373,2
17907,2
71828,0
72894,2
41582,0
46838,2
70576,0
23323,0
3973,2
65816,2
43626,2
66966,2
24844,0
73066,2
67978,2
13443,1
32444,2
8155,2
18982,1
24533,2
27856,2
56866,1
58445,1
41621,0
63893,2
11225,2
20613,0
39516,0
8756,2
10638,2
50885,2
30237,0
41182,1
10502,1
50223,0
10319,0
21019,0
34756,2
57777,2
56844,2
64906,2
32519,1
63082,0
15477,0
13846,0
51835,2
3452,2
27034,0
8371,0
34995,0
67500,2
18893,2
8503,2
62636,2
46592,2
30362,2
29200,2
48207,2
5169,2
10865,0
48994,2
27483,2
4802,0
6024,1
52999,2
12513,2
50674,0
49108,0
72224,0
13828,2
61051,0
43717,2
66773,0
52059,0
14014,2
33098,0
18004,0
49510,2
33775,2
59126,0
60508,2
69680,2
32334,1
49944,2
37219,0
34876,0
6160,2
14998,2
51635,2
25806,2
28063,2
24315,0
19994,0
14533,2
22102,2
55097,0
52399,1
21410,2
50788,2
30143,0
31438,0
50605,0
38138,0
37714,2
12458,0
63847,0
38941,0
58006,0
3701,0
63176,0
32907,1
63884,0
22345,0
58020,2
6689,0
26308,0
14398,0
14818,2
6353,1
43839,0
2840,2
59264,2
8560,2
21778,0
1718,0
67618,0
66982,0
48558,2
44952,2
68081,1
7118,0
53226,2
72612,0
15657,1
15032,0
71183,0
47231,2
59893,2
18294,0
2375,0
24452,2
60068,2
22177,2
15599,2
58770,1
33128,2
6079,2
13266,2
35442,1
61825,1
41385,2
4520,2
69554,1
26582,0
45162,0
51277,0
19496,1
70560,1
22059,2
20955,2
20485,2
66852,2
6978,2
48612,0
71666,1
24170,0
17850,2
43902,2
56723,0
64536,1
1233,0
42143,2
40374,2
32954,2
68984,2
11978,0
65189,0
16038,2
28449,0
56904,2
64601,0
72436,0
6144,0
70599,2
70655,0
43023,2
65545,0
31000,2
26482,0
25686,2
15651,2
19192,2
73785,2
2125,0
65140,0
29595,0
5306,0
45147,2
39443,2
47769,0
29520,0
69998,1
34484,0
71981,0
51469,0
17422,1
23257,1
15856,2
228,2
35713,2
54385,0
65399,2
5863,0
49266,2
24312,2
68374,2
55651,0
52250,2
74244,0
61104,0
19955,2
43510,0
41099,0
51305,0
71832,2
24812,0
57060,0
3193,2
20040,0
682,0
47417,2
9536,1
56423,0
4770,2
10926,0
70775,2
3344,2
7940,2
41872,2
14226,0
1084,2
29695,2
53357,0
38502,2
45263,0
11664,0
45951,2
31956,1
72722,0
1457,0
58604,2
10150,2
13140,0
4158,2
33365,1
2512,0
3792,0
41158,0
49470,0
45060,0
61264,0
42048,2
52317,2
26066,0
5082,2
39794,2
282,2
13617,2
70883,2
46582,0
18763,0
13744,0
71273,2
2447,0
74063,2
33761,2
73129,0
38438,1
66706,0
71117,2
7078,0
519,2
55708,2
38509,2
57945,2
27176,0
68377,2
849,2
47114,0
41438,2
21111,2
37406,2
10498,0
34231,0
56341,0
18051,0
35331,0
58056,0
61167,2
4920,0
40357,2
43318,0
21087,2
68111,0
11661,0
16322,2
49232,0
54765,2
71388,0
18604,2
44350,0
62598,2
43591,1
51885,2
13290,2
12485,0
1968,0
62032,2
13395,0
27384,1
50484,0
23050,0
31156,2
32559,0
70435,0
22655,1
44573,0
9332,2
46413,0
6930,0
7830,2
30613,2
2715,2
1873,0
69719,2
31230,0
57424,2
20682,2
23566,1
38271,2
47572,2
71841,2
73967,2
60861,2
20526,2
38337,0
20014,2
57709,2
19588,1
27587,2
9984,2
70608,2
64499,0
38582,2
359,0
11158,2
37242,2
71892,2
18826,2
42859,0
52768,2
34690,0
28004,2
45813,2
56875,2
14917,0
30105,2
12955,2
44032,2
53634,0
13922,2
67888,0
24970,2
47673,2
12015,0
20259,2
24333,2
48864,0
3186,2
40617,0
39727,0
26524,0
49963,2
33392,0
65604,2
25439,1
32689,2
39346,0
44111,0
48509,0
58191,0
38311,0
32588,2
51097,0
21616,0
1546,1
50592,2
15153,0
60451,2
39092,1
44066,0
44259,2
1984,0
61682,0
59320,0
62678,0
2798,2
54555,0
46806,0
67541,0
65284,2
31265,0
34288,2
38812,2
14868,0
64873,2
22140,0
11260,2
62930,0
36875,0
66406,0
12160,0
60923,2
41028,0
72710,0
51571,2
32839,1
10978,2
30879,1
67002,1
60951,2
1889,1
51701,2
59284,2
26460,2
23917,2
19445,0
20634,2
48271,2
39770,0
12535,2
9948,1
50686,2
35931,2
14955,2
48997,0
71077,2
26013,0
12541,2
10225,2
48523,2
44597,0
18030,0
67297,2
18418,2
8365,0
31248,0
49370,0
55014,2
10408,0
22728,2
57343,1
42461,2
73501,2
32679,1
52750,1
51655,2
43087,0
66847,0
32537,2
54168,0
45987,2
17470,2
46205,2
37807,2
9963,1
72385,2
36930,1
29101,1
26414,1
48369,0
13017,2
49421,0
21523,1
67645,0
50154,0
62378,0
47337,0
44517,0
52483,0
60224,0
23021,0
69858,2
29599,2
64096,0
18671,0
3281,0
72728,0
15987,2
73993,2
17644,2
37494,2
47009,0
71115,2
12145,0
28083,0
37806,1
51762,0
1639,0
17981,2
18042,2
25894,2
18132,2
9731,0
10333,2
396,2
25433,2
11399,1
31007,0
18822,1
27827,0
47700,2
14193,0
46699,0
49699,0
72914,2
24535,0
49846,2
27110,2
29828,1
73173,2
59807,1
30737,2
50319,2
27267,2
54308,2
41628,0
56360,0
16622,2
43432,1
44404,0
50354,2
68698,0
3977,2
40031,0
23191,2
59440,2
53544,0
57825,1
35534,2
30093,2
59732,0
50472,2
63806,2
11743,2
27778,2
4460,0
45776,1
46743,2
68878,2
20967,0
59833,1
53635,2
45831,0
59065,2
8700,2
6965,1
56369,0
74106,1
23763,0
38235,0
51342,0
29236,0
8314,0
38335,0
42494,0
25358,0
52693,1
66427,2
20769,2
24754,2
3797,0
53859,0
27206,2
58407,2
13374,2
11028,2
38930,0
26982,0
14778,2
51587,2
17015,2
25028,0
35293,2
8068,0
73052,2
51753,2
15035,2
60817,0
55374,2
10096,0
12074,2
50198,0
33773,1
6287,0
16222,1
13418,2
243,2
5673,1
38441,2
57081,2
14525,2
13389,0
65683,2
21136,0
34199,0
25206,2
55334,2
30168,0
19998,2
27760,1
70205,0
32421,1
40287,2
4537,2
46300,0
49063,2
73414,2
54220,1
2838,2
46979,1
34307,2
36899,2
27797,2
48131,0
70738,0
56821,1
35203,0
67513,0
48623,0
48526,2
71696,2
507,0
7283,0
3421,0
15585,0
44581,0
72733,2
46120,0
29358,2
5664,2
2285,2
5661,0
47657,0
40777,2
23177,2
62023,0
46834,0
54573,0
2311,2
36977,0
62283,2
62935,1
28008,2
60373,0
34523,2
46550,0
12068,0
4365,0
49342,2
6418,0
33741,2
53296,0
74206,2
17681,2
58387,0
33887,1
35848,0
13667,0
38183,0
61501,2
16185,2
69225,2
7730,2
64895,2
496,2
42433,2
32757,2
16856,2
3503,2
73404,0
25092,0
56114,0
67755,2
59292,2
27131,1
36880,2
29934,0
61140,2
6375,1
57413,0
52719,2
45534,2
57626,2
1523,0
62801,0
11025,2
66579,2
42099,2
68278,2
20349,2
18762,0
67374,2
27139,2
21420,0
52382,2
55389,2
41881,1
20879,2
39134,1
35813,1
32770,2
9903,2
37475,2
3618,2
31199,2
1018,2
57876,2
44128,1
22587,1
1143,2
48065,0
13308,2
35288,0
60567,2
46380,2
36502,2
73978,1
19960,0
22394,2
49214,2
23581,0
58744,2
18540,0
37429,0
11726,2
24187,2
25907,0
68307,0
36577,0
5752,0
17460,2
24211,0
64039,0
35159,2
36922,2
1228,0
14928,2
31814,2
38492,2
8754,0
68130,0
19092,2
36898,2
48574,2
54791,2
57644,2
43217,2
14922,2
64775,1
59160,0
38141,0
51518,0
43481,0
36632,0
4347,1
57963,2
73460,0
26874,2
45280,2
50748,0
33993,1
11535,2
13028,0
39580,2
66084,0
72376,0
63494,2
5560,0
53309,0
17248,2
38848,1
29171,2
12765,0
72042,2
45045,0
30553,2
15746,2
71754,1
26176,2
40403,0
64029,0
56238,1
52432,1
38677,2
2448,2
73548,2
51078,0
27549,2
886,2
62399,0
70385,2
60247,2
48622,2
43977,2
2609,0
66087,0
63428,0
57506,2
31307,2
51965,2
9288,2
68778,2
22485,2
57533,0
6589,0
4402,2
33976,0
24206,2
16883,2
68280,1
60751,0
57895,0
73433,0
59045,2
62351,2
32272,2
34754,2
8809,1
35885,2
39827,1
63158,2
28801,0
52813,2
21457,2
17610,0
4984,0
37979,0
62974,1
47204,2
57616,2
35329,0
10767,2
39234,2
28022,0
19427,0
57156,2
25669,2
71153,0
43875,1
3448,2
9629,0
17846,2
22620,2
2246,2
28894,0
46489,0
39041,2
65364,0
7226,0
2650,0
7706,2
23147,2
4797,0
23043,0
13339,0
4229,0
15853,2
4180,1
15068,0
35611,1
32401,2
4110,2
62206,2
23600,2
35239,2
18252,2
18152,0
21850,1
47509,0
13585,1
16501,2
9576,2
39351,1
40022,2
11435,2
26631,0
21565,2
40163,2
13859,0
50767,0
1932,2
15282,0
73231,2
36347,1
22076,2
32903,0
31789,0
67095,0
41894,2
9150,0
24822,2
40477,2
43193,2
33377,2
5889,2
68402,2
11690,0
9583,0
14643,0
33152,2
45285,2
11776,0
21082,2
11224,1
708,2
24269,2
66094,0
29402,0
2132,2
31876,2
24888,2
17297,2
63391,0
65405,0
27306,2
53792,2
33760,0
36858,0
21982,0
47898,2
45931,2
24282,1
57867,0
2268,2
42870,2
51026,0
69496,2
46258,2
53653,2
8511,0
6437,1
45277,2
53647,0
45297,2
12871,0
73567,2
37196,0
33031,2
50322,0
38362,2
48934,0
50098,2
25161,0
69627,2
37050,2
40161,2
8596,2
17636,2
14577,0
56393,2
12822,1
41075,2
37885,0
68842,2
66015,0
21780,0
6796,2
56069,2
54247,2
40874,0
27638,2
57276,0
15827,0
59544,0
46615,0
68917,0
32281,2
20795,0
3775,0
56610,0
14626,0
58335,0
27434,1
45224,2
21863,2
13646,2
45316,0
39015,0
62036,1
19035,2
46630,0
15059,0
32074,2
39871,2
32047,1
9958,2
38679,2
67067,0
45840,2
71345,1
28783,0
56300,0
25363,2
57254,0
4852,1
37650,0
37830,0
55583,2
47834,2
33053,1
40053,2
35615,2
41935,2
53719,0
42782,2
24343,2
44635,2
46200,0
31185,0
16460,2
17353,2
5891,2
24375,2
5203,0
62385,2
56459,2
29879,2
51522,2
35245,2
40141,2
4870,2
29726,0
43211,0
62320,2
49299,0
35963,2
24820,2
31300,1
47524,1
3102,2
65536,2
61221,2
72699,0
67398,0
13994,1
27826,0
1379,2
2681,2
53171,0
2389,2
55799,2
59952,2
13243,2
52845,0
7141,0
36793,1
28913,2
22001,2
38907,2
11162,2
31701,2
19800,2
68622,2
36197,0
41645,0
41299,0
63689,2
64196,0
3309,0
60962,2
69933,0
58960,0
52915,0
24332,1
46346,0
73840,2
20540,0
25032,1
55800,2
30448,2
31637,2
57334,2
19040,0
16127,2
18166,2
37428,2
60465,1
38724,2
56443,0
13307,0
40329,2
845,1
36907,2
39583,2
29041,2
57528,0
33196,2
14740,2
52667,2
403,2
59130,2
45426,1
66786,0
53110,0
12745,0
26571,2
21083,0
55246,1
23085,1
41860,0
65999,0
4741,2
8189,0
45623,0
51651,0
3575,2
73396,2
70645,2
55369,2
16473,0
68346,0
9481,2
21439,2
835,0
24667,0
64713,2
35303,2
62990,2
40591,1
15240,1
36088,0
18110,0
2314,0
14209,2
44542,0
16684,2
18841,0
12368,0
60453,1
66939,2
69334,2
50057,0
59836,0
44365,0
23168,0
27877,2
23909,1
15424,2
46084,0
26292,0
28159,0
57935,1
48599,1
768,2
62438,2
27414,2
46750,2
16436,1
32535,2
41758,2
66899,0
24670,0
31459,2
66195,2
54881,1
52075,1
41587,1
60141,2
41043,2
43950,2
48121,2
65965,2
70664,1
4887,2
62128,2
62993,0
54823,0
67336,2
11461,2
6405,0
3604,0
13496,0
69465,2
52159,0
62523,0
12909,1
9031,2
38142,2
9976,0
12457,2
83,2
41441,2
37002,0
14445,1
49312,0
37763,2
18581,2
17791,1
37664,2
55316,0
67418,1
62465,0
8682,2
18905,2
8129,2
6490,2
58222,2
26087,0
54721,2
2986,2
62250,2
13215,2
40638,2
52286,2
56328,0
66140,2
73270,2
46918,2
37800,0
42236,0
57022,0
32769,0
60417,0
18381,0
45799,1
16607,2
34727,0
65469,0
44913,0
50367,0
50806,2
40770,2
3166,0
43932,2
9054,2
3088,2
55589,2
56199,2
43749,2
70409,0
47010,0
30427,2
31052,2
14338,2
53535,0
54524,2
34913,2
70918,0
55805,2
46480,0
6477,2
68683,0
64153,2
5836,2
47654,2
47513,0
70105,1
65915,0
72961,1
20292,0
9641,2
43467,2
34468,1
24910,2
59441,2
73772,2
67356,0
5377,2
56133,2
38004,0
65662,1
68465,0
9610,2
13502,2
53131,0
43862,1
41294,2
29623,2
73956,0
69743,0
54200,0
24857,0
46305,1
26411,0
62264,2
31079,0
43949,2
10433,0
26672,0
21265,2
10059,2
60084,0
53252,2
32035,2
72898,0
34460,2
68561,0
20908,2
34485,2
58522,2
19340,2
24072,0
1597,1
21617,0
4294,2
62458,0
60703,2
54351,0
3655,2
52100,0
35989,0
34759,0
55209,2
21606,2
20748,0
73003,1
29246,0
29896,0
30122,0
37159,0
62494,0
54202,2
60549,0
63553,2
13980,2
56243,2
23544,2
73601,2
13232,0
24549,2
49792,2
36789,0
40035,1
70871,0
53126,0
57744,0
30902,2
40155,2
55484,2
12965,2
1862,1
9531,2
21824,2
63103,2
66838,2
39758,1
15287,2
14628,2
12434,2
39114,0
26802,2
17956,2
9652,2
73221,0
30495,2
25095,0
37362,2
30853,2
37450,1
7709,2
71149,0
65429,0
2279,2
58659,0
56347,2
48037,1
304,2
60334,2
35035,2
1632,0
68282,2
52597,0
2155,0
56324,2
53263,2
66283,0
68297,2
66942,2
408,2
40180,1
16240,2
24437,0
6210,0
65242,2
24615,2
55748,2
10808,2
49461,0
10187,2
30169,2
45003,2
29475,0
67368,0
65354,0
59864,2
36107,0
17670,2
45099,0
33315,0
1798,0
15625,2
71041,0
14802,0
70723,0
36579,2
55771,0
11291,0
53452,2
73294,2
42193,2
22069,1
32094,1
33954,2
65569,1
14971,2
53392,0
38014,0
47887,2
427,0
47187,0
57770,1
35802,2
5807,0
29766,2
69039,0
25933,2
71281,2
66591,2
44836,0
70648,2
24112,1
53139,2
16115,2
12360,0
10119,0
6607,2
17198,0
57604,2
15591,2
35030,0
1602,2
44175,2
34772,2
60568,1
30334,0
46063,2
68082,2
51738,0
263,2
34532,2
18645,1
1137,2
8187,2
59135,2
23404,0
33150,0
18511,0
73329,2
73192,2
67741,1
43292,1
72788,2
61551,2
17789,0
40009,2
33599,2
18995,0
42047,1
67141,1
1661,0
54893,0
46857,2
47355,2
71793,0
43387,2
44743,0
33357,2
21868,2
29768,1
42053,0
26585,1
41862,2
37361,1
41897,0
42244,0
55338,0
3315,0
62411,2
44380,2
67518,2
14299,2
49562,2
56390,0
6721,2
45466,0
34430,0
25314,2
14119,0
8218,2
58826,0
3347,2
65209,0
15149,2
58611,0
48750,0
35674,2
41961,0
48812,0
60551,1
42318,2
17295,2
3024,1
31612,2
19598,2
71357,2
56135,0
64604,1
25672,2
44392,2
48738,0
58474,2
37377,2
40319,0
38029,0
53170,1
50190,2
66802,0
74030,2
14612,2
39928,0
7471,2
48430,0
34984,0
8786,0
2751,2
60578,2
17632,0
20077,0
49407,2
20427,1
71368,0
71308,2
18764,0
9785,2
1743,2
49976,0
5142,2
13224,2
38073,2
35711,1
3988,0
9205,2
46171,2
15001,2
33206,2
46425,2
74099,2
14041,2
43989,0
28795,0
50777,2
3325,2
42215,0
29920,0
42826,2
55212,0
39537,0
43814,2
58252,1
48764,2
66818,2
30532,2
53458,0
50722,2
18154,0
17719,0
5930,2
57520,0
51351,0
66807,2
43438,2
20409,0
28130,0
71135,2
30875,2
9213,1
33341,2
51458,0
7648,2
63666,1
21366,2
18911,2
61076,1
26404,2
38350,2
16368,2
20258,0
7859,2
4405,0
13917,1
37518,1
16777,2
60400,2
10073,2
13350,2
49688,1
13955,2
40918,0
13226,1
58334,2
17545,0
59015,0
3374,0
24887,2
38209,2
46723,0
62578,2
55412,0
73903,0
52049,0
5862,2
15371,2
47621,1
21218,2
71567,2
65260,2
6153,0
34233,2
873,0
24567,0
20024,2
46539,0
14635,0
29072,2
35356,2
936,0
68838,0
69715,1
21190,2
32469,1
73330,0
56572,2
69285,2
2874,0
16767,0
59037,2
9209,0
48673,0
11376,2
63473,2
33718,0
64374,0
20557,0
63068,2
40865,2
247,2
22514,0
69849,2
33102,0
30549,0
16753,2
71400,0
33403,0
21798,1
20721,0
32707,2
2923,0
67831,2
59754,2
35196,2
26403,2
38262,2
47746,1
15274,0
31525,2
60960,0
65784,0
62754,2
29093,0
34854,2
48681,0
10776,1
6743,0
45227,0
30267,0
23140,2
57490,2
4504,2
19727,2
71984,2
43209,2
72753,2
61572,1
18543,2
56348,2
66707,2
7133,2
46267,2
68267,2
37601,2
31118,2
54582,2
50499,2
73245,0
43554,0
44886,2
58787,2
65470,0
66541,2
62766,1
29942,0
65418,1
36825,0
24795,0
34639,2
25307,2
6492,0
71237,2
14515,2
12655,2
9102,2
55517,2
57681,2
7417,0
4109,2
23934,0
61236,0
69600,1
7298,0
53236,2
45783,2
60624,0
1003,0
68752,2
63430,0
50781,0
73116,2
55839,0
36337,1
60805,2
39460,1
8652,2
2082,0
33838,2
30167,2
58613,2
59808,2
40549,2
51032,2
4970,2
31718,0
7448,2
33039,0
18162,1
54947,2
25673,0
7034,2
39121,2
16592,1
58164,0
11108,2
57046,1
65501,2
15535,0
39945,2
62107,0
19229,1
18398,2
60414,2
22608,2
72902,2
14785,0
56454,1
31862,2
68861,0
2418,0
74010,2
63813,2
27645,1
73011,0
9092,2
66593,2
16257,2
37407,2
38761,0
73633,2
54435,0
3892,1
30201,2
66363,0
73327,0
32743,0
5390,0
33240,2
32675,1
37836,1
67404,0
28539,0
66098,0
1420,2
15260,2
59666,2
59841,0
70159,2
32808,1
6351,0
39453,2
8670,0
46548,2
12409,2
47267,0
34963,1
71579,0
50979,0
10509,0
55581,1
5667,2
66458,2
37668,2
59805,2
32419,0
28922,2
69611,2
32593,2
7385,2
71543,2
72016,2
30969,0
27652,0
26374,0
2102,0
31936,0
10668,2
56611,2
14842,0
67294,0
61106,0
61693,2
18196,2
27990,2
17475,2
19280,0
43449,0
5510,0
9456,0
20064,2
5036,2
23634,2
32625,0
232,0
20621,2
73340,2
41313,0
19027,2
59172,0
13918,0
32798,2
72071,0
59642,2
25338,2
7263,0
5181,2
36311,0
41021,0
25507,2
13061,0
62816,2
34508,0
72432,0
6206,2
38985,0
1344,2
56627,0
29762,2
40935,0
25881,2
66780,2
70833,0
59072,0
48905,0
37413,0
55075,0
43785,2
6186,2
20044,2
45487,0
62706,1
67613,0
30321,2
48653,0
71656,2
60220,2
6635,2
73843,0
48882,0
47930,0
34624,2
15439,0
72388,0
48756,0
27367,1
22477,2
3332,2
35824,2
63880,2
18313,2
68254,2
42512,0
25022,0
69433,2
25885,2
37208,1
2407,0
37908,0
45697,2
38717,2
17405,0
9968,0
41889,2
32909,0
64988,0
56035,2
42184,2
50180,2
57915,0
50236,0
38455,0
27152,0
37521,1
8563,0
4711,1
34441,2
72653,2
61528,0
8474,1
23513,1
39096,2
55208,0
26686,2
4513,2
39903,0
13798,2
6638,2
69443,0
11109,0
24523,0
74173,1
10470,2
73788,2
10236,2
69050,1
12138,2
62171,0
23838,0
7231,2
21795,0
38367,2
1183,2
21848,2
68794,0
72469,2
32979,2
57277,2
8557,0
32431,0
68921,0
13624,0
36372,2
38226,2
69948,2
40076,0
55444,2
62398,0
48400,0
72608,0
10086,2
40852,1
5468,1
33190,2
14564,0
14869,0
51708,2
71977,2
6962,2
63879,2
20272,2
32573,2
60548,0
5993,2
17916,2
6751,0
63986,2
21389,0
73177,2
47751,0
45035,2
3173,2
49432,2
48141,0
15138,2
62090,0
44294,0
44835,2
54139,0
2495,0
55173,2
14007,0
53406,0
30316,2
21429,0
62649,0
1558,0
57346,0
29688,2
48701,2
38968,2
18570,2
7004,2
51189,0
11932,2
70807,2
24697,0
23607,0
2725,2
18477,2
45921,2
27751,2
11794,2
36238,0
71905,2
22407,2
9988,0
32999,0
62709,2
4103,2
32031,2
17020,2
64049,2
15202,2
54892,1
43269,2
4618,2
36531,0
55205,0
10357,2
54833,2
34051,2
40950,2
39236,2
36553,0
58726,0
36833,2
31929,0
43134,1
73212,0
55786,0
71695,1
2884,2
39952,0
50042,0
36274,0
41219,2
55158,0
50557,2
50278,2
42758,2
23619,2
5557,0
63793,2
28098,0
65379,0
60409,2
51144,0
58047,0
65689,2
53232,0
29670,1
27788,1
4177,0
56600,2
28153,2
65805,2
44941,0
39064,0
71475,2
38779,1
27014,2
1666,2
56113,0
52151,2
17362,0
60418,1
8056,2
21412,2
51482,2
20255,0
8231,0
42028,1
45143,2
15903,0
27868,0
52875,2
58861,2
47215,1
74007,2
17130,1
33781,2
41964,1
54373,2
64401,2
60230,0
34010,0
50437,2
32418,0
39701,2
100,0
60225,2
48074,2
67667,1
40255,2
32098,0
22920,0
18965,2
47440,2
11135,2
47498,2
48973,0
3430,0
18302,0
48378,2
52348,0
66811,1
62512,2
53350,2
59668,2
28773,2
60419,2
11105,2
18575,2
58045,2
38858,2
18497,2
790,0
23094,0
44515,2
16613,2
6060,2
65332,1
17058,2
39288,1
30515,1
4680,0
60998,0
50560,1
21892,2
58791,2
61369,0
35496,2
3455,2
50927,2
23923,2
53428,2
4972,0
7299,0
35530,0
25574,0
37395,0
11519,0
51751,0
4692,2
67733,2
63243,2
13209,2
56158,2
57466,2
24805,0
13175,1
45458,2
61168,2
30529,2
39736,0
65319,0
74132,2
40091,1
42599,2
2796,1
56951,0
73499,2
24219,2
10905,1
62780,0
73750,0
22997,2
70130,0
67009,0
18610,2
27274,0
15506,0
31350,2
6648,2
43803,0
55500,0
13986,2
34336,2
63118,2
65821,2
22918,1
3251,0
29201,2
43719,2
69872,0
72307,0
63842,0
66400,1
63743,2
57662,2
41590,2
1028,2
70386,2
270,0
7741,2
51494,0
15158,1
17745,0
30694,2
22353,1
15999,0
44899,2
55378,2
60844,2
10361,2
10188,2
72490,0
47593,2
7684,2
220,2
54144,0
23078,2
58501,2
6596,2
41353,2
44020,0
9845,1
29175,2
7436,2
12722,2
43260,2
10174,0
56685,2
71674,1
65262,1
50621,2
23951,2
20820,2
42695,1
50858,0
19098,1
35504,0
54849,2
29922,0
73657,2
40341,2
15360,2
22181,2
10558,0
33690,0
12091,2
19435,0
46554,0
8732,2
72557,2
54331,0
24883,0
6212,0
71164,0
1955,2
34357,0
46113,2
18804,2
13895,0
62758,0
54648,2
72980,0
44161,2
58193,0
41792,2
49261,0
59400,1
65514,2
34695,0
30731,2
16396,1
74071,0
19087,2
18929,2
67835,0
40700,1
46363,0
38284,0
10859,2
33674,2
33351,2
6000,2
65777,0
69761,2
50359,2
25321,1
62779,0
12193,0
26931,2
25739,0
60667,0
53203,0
35047,1
67273,2
53993,0
33057,1
39913,2
54585,2
57391,2
56482,2
21138,1
59122,0
52626,2
24427,2
21877,2
11175,0
42524,2
10208,0
38066,0
72460,1
71979,2
32484,1
3816,0
39136,1
21963,0
3302,2
5591,0
32619,2
44437,2
2211,1
60682,2
35461,2
4967,0
40623,2
23657,1
63604,2
36388,2
62534,2
36461,2
21746,2
34330,0
9231,2
34543,2
33628,0
21770,0
28678,0
19013,2
10561,0
57113,1
31470,0
14287,2
65106,2
57957,2
39551,0
23716,1
10777,2
54436,2
16031,0
48344,2
61570,0
4872,0
42546,0
4453,2
56558,0
37225,2
28884,2
39846,0
60331,0
22740,0
9185,0
29671,0
35023,2
68900,2
43469,0
9278,2
9113,2
47859,2
35732,0
18623,0
3257,1
44249,2
41407,0
22697,2
29437,2
40651,0
32702,0
67020,0
41809,0
48125,1
10523,2
5383,1
67167,2
29495,2
67260,2
726,0
33409,0
16916,0
45300,0
12557,2
70099,2
27532,2
36215,2
48476,2
69878,0
26155,2
68065,2
25411,0
66919,0
40268,0
64437,1
60066,2
23974,2
31611,0
65998,1
54108,2
30953,2
27039,2
35535,0
6073,2
39489,2
45024,2
27758,2
7177,1
70088,0
41683,1
62658,0
29750,2
53215,2
67131,2
44809,2
70157,0
6992,2
3364,2
54420,2
12269,0
16599,2
26923,2
19735,2
45120,2
47564,0
62286,2
56869,2
41647,1
53720,1
22073,1
34016,2
789,1
34849,2
10834,0
73547,0
67445,0
30009,0
2981,1
47271,0
52206,0
63484,0
17307,0
20945,1
27656,0
11253,2
49767,1
42177,0
71985,2
6166,2
26303,1
59944,2
32659,2
23248,2
12143,0
15566,2
21066,0
38464,2
31813,0
28468,0
42358,0
62208,2
17787,2
58743,0
13056,0
36750,2
24659,2
59879,0
49085,1
1565,0
52352,2
26710,1
65198,2
66772,1
11764,2
31508,2
53891,0
61932,0
56827,2
69856,2
59624,2
68185,0
24241,2
25647,0
52324,2
30638,2
35327,1
14648,2
20156,0
19081,0
67106,0
14555,2
35700,2
4803,0
62978,2
19269,0
26903,2
30234,0
41519,0
73264,2
73004,2
22020,2
22263,2
64078,2
60197,0
14185,2
55570,0
29746,2
9360,0
14935,2
58508,2
31082,2
32612,1
45879,0
23881,2
39417,0
17959,0
67604,2
65521,2
68016,0
19695,2
40113,2
8443,2
42485,0
42720,0
9537,2
26267,2
24035,2
10226,2
47028,0
47207,2
16559,0
33868,2
11422,0
56888,2
3108,2
48828,1
34023,2
44658,0
52593,2
3040,0
6829,0
4673,2
3499,2
17949,2
63394,0
10159,2
48217,0
44960,2
5397,2
6996,2
66197,0
4376,1
85,1
44479,2
70067,2
62364,1
49597,2
9830,0
33917,0
10598,2
59390,2
54288,1
63314,2
52861,2
7475,2
45352,0
71730,0
65882,1
6997,2
68972,1
2064,2
65182,0
27626,0
9024,0
33719,0
73229,2
23876,0
9282,2
10705,0
39080,0
60222,2
7205,2
27194,2
61832,2
22547,2
8431,2
59404,0
73413,2
31624,1
11456,2
28826,2
31610,0
3182,2
44786,0
21835,2
23067,0
14486,2
22929,2
13884,2
20965,2
74024,2
42108,0
1483,0
47026,2
16356,0
57245,1
4953,2
70577,2
62495,0
2578,0
63534,1
70160,0
65946,2
65908,0
19025,2
53654,2
26930,0
38870,0
9991,2
36580,2
52494,2
12054,0
28427,2
50614,2
2456,0
27366,1
38417,2
57240,2
69146,0
36139,2
44846,2
41853,0
71306,2
48902,2
58072,2
24744,2
70781,1
7736,2
37497,2
10671,0
47335,2
30147,0
7026,0
24229,2
29451,0
50016,2
20397,0
48840,2
56020,0
52122,1
18322,2
51296,2
33951,2
10116,2
39021,2
28269,1
25176,1
51108,0
57511,0
131,2
20818,0
18685,2
59708,0
8780,1
57850,2
19520,2
55299,2
19421,1
6806,1
19429,2
44568,0
17311,0
7827,2
67221,2
69803,2
39771,2
54206,0
70278,0
11631,1
47897,2
54184,0
21662,2
22557,0
61755,2
29977,2
28121,2
61978,2
71029,2
59965,0
71545,2
41633,2
39352,0
31151,2
66436,2
63946,2
3593,2
26620,2
38188,2
34213,2
21118,0
4549,2
53298,2
71996,2
26116,0
49245,0
35201,2
60753,2
62945,2
53722,1
364,2
53340,1
37073,2
21170,2
2000,2
6847,2
64167,0
22019,0
29755,2
24897,2
53849,2
41234,0
58249,0
5760,0
34643,2
45589,0
912,0
35302,2
38801,2
25332,2
16840,2
13684,2
72162,0
30220,0
71433,0
45345,2
71586,2
12737,2
45091,2
7357,2
64285,1
26149,2
65267,2
30909,2
55191,0
66174,0
2852,1
20244,2
43495,0
57193,2
21818,0
63359,2
69346,0
7191,2
22787,0
70663,2
27137,2
71027,0
6246,2
18109,0
60896,0
67951,0
11645,2
39245,1
11979,0
70097,2
71971,2
58935,2
14900,2
11977,2
15008,0
28628,0
36240,2
15945,0
38705,0
1121,2
14708,2
14151,2
7318,0
63612,1
3321,1
73632,2
72355,2
63841,2
18006,2
13220,0
52088,2
14865,2
66261,2
50644,2
71461,0
43239,0
32291,1
48116,0
27614,2
64045,2
58618,0
35743,0
61954,0
64801,2
63661,2
41537,0
11942,2
66097,2
24266,2
32300,0
52092,0
42912,2
50498,2
23828,1
31425,2
62487,2
1901,0
27458,2
13259,0
64747,2
11095,2
50055,2
69031,2
65877,0
10858,1
67726,2
46822,2
43818,2
16988,0
12913,1
36997,0
7301,1
32415,0
50308,0
62020,1
29268,2
74184,0
67687,2
42816,2
547,2
25410,2
73791,2
54494,0
50634,2
20889,2
20603,2
6151,2
55569,2
35221,0
67630,2
30611,2
28075,0
35852,0
63586,1
62562,0
7228,2
57333,0
13609,2
14483,0
56101,0
14046,0
42124,2
26183,2
58184,0
40983,0
14256,2
55150,0
1819,1
24155,2
65836,2
30949,2
27156,0
5851,2
20570,0
32080,2
26196,2
31604,0
43726,2
20318,2
10512,0
69352,0
4765,2
63436,2
42382,2
9364,2
49404,0
154,0
59676,2
18190,1
18521,1
65305,0
5098,2
47491,2
48637,0
45632,2
52421,2
39864,2
8323,0
52187,0
68150,2
26021,0
40994,2
72334,0
41898,1
13086,0
15817,0
38866,2
53443,2
36477,0
41328,2
61130,2
38685,0
56234,2
43896,0
10007,0
2049,1
2544,2
22483,2
36236,1
72219,2
10911,0
30975,1
9607,2
62746,2
47902,2
19083,1
61474,2
6625,2
41287,2
50653,0
7236,2
34575,2
13491,0
56664,2
62968,2
61977,0
50335,2
56890,0
58685,2
63351,2
22616,0
36408,2
42175,0
17170,2
18092,2
43530,1
32032,0
53946,0
24384,2
23485,2
33324,2
27123,0
43713,2
57102,2
33066,2
22634,2
36820,2
27682,0
4956,1
30477,2
34585,0
561,1
28404,2
69329,2
13287,2
26832,2
61232,2
20718,2
35046,2
3649,2
32886,1
18691,2
11414,2
40886,0
53817,1
32305,0
41754,0
35451,1
49989,2
11782,1
51187,0
23879,2
73248,2
15989,2
30014,2
40533,2
52854,2
44792,1
11353,2
49867,0
47636,0
65130,2
66362,0
54916,2
64207,2
36083,0
22654,2
41793,1
10967,0
54923,2
69759,1
38964,2
42772,2
69135,2
69271,0
32902,2
44978,2
58649,0
65478,2
7424,1
69040,0
26921,2
21918,2
27265,2
10833,0
63206,2
19867,0
32141,0
16989,1
20013,1
27820,2
21735,1
40269,2
36572,2
30225,1
52922,1
63074,2
11357,0
64037,2
7174,0
64017,2
46109,0
31830,1
28424,0
17075,2
8785,2
71436,0
35351,2
22310,2
1274,2
16768,2
68780,0
14777,2
9387,2
30056,2
39410,2
63287,1
17573,0
34068,2
8540,1
8151,2
65485,2
30843,0
72265,1
43366,1
35135,2
60107,2
35576,0
7773,2
31904,2
17473,2
56891,2
11626,1
41523,0
73662,0
2581,2
65447,2
25322,2
25020,2
69812,2
73511,2
73564,0
18359,0
20730,0
38709,0
14368,0
72510,1
59861,0
50657,2
50259,1
28611,2
61030,1
42249,0
57372,2
29808,0
56189,0
40512,2
67683,2
50217,2
6238,2
55092,0
54937,0
4588,1
18308,0
23029,2
49875,0
11068,0
31919,1
70919,2
23681,1
61216,2
35967,2
11113,0
52776,2
11507,1
33211,2
71106,2
36196,2
56613,0
13083,2
55972,0
8125,0
68705,0
9122,2
40241,2
64913,2
28023,2
71884,0
48960,2
17188,2
4518,1
37148,2
64386,2
20674,2
69859,2
6934,2
65772,0
26950,0
12063,0
7580,2
70270,2
49725,0
21578,0
12369,2
69891,0
46214,0
11623,0
45308,2
71940,1
52306,2
50489,0
22746,2
19079,0
33114,0
3463,2
61924,0
38167,2
23522,0
25823,2
31339,2
29157,0
73357,2
38392,2
29645,2
10284,0
46816,0
9295,2
47183,2
6256,2
2203,2
29516,0
8410,2
32168,0
58859,2
39529,2
27294,2
33250,2
36057,2
10031,0
2151,2
552,1
61887,2
31335,0
8617,1
46760,2
26805,2
67486,0
45591,2
47694,0
21355,0
31189,2
38432,1
43462,0
36894,2
61686,1
54784,0
53768,0
33461,2
68492,2
18401,2
42483,2
7955,0
71365,0
33389,0
26479,0
28333,0
60249,2
8138,2
18306,0
62623,0
70923,0
32198,0
15752,0
42530,2
72147,0
16153,2
56416,0
32792,0
3670,2
43650,2
49763,1
3778,2
69500,2
72245,2
62028,2
36924,2
64979,2
40626,0
71906,0
27998,0
47988,0
32027,2
51245,2
38203,0
34442,1
70011,0
24399,2
3942,0
34602,0
58605,0
3742,2
5186,0
18632,1
73753,0
3227,0
58525,2
11918,2
25996,0
50926,2
25228,2
24064,0
22168,2
47754,2
21654,1
19626,0
20166,0
11838,0
7250,2
68797,0
54602,2
21047,0
41101,2
29037,2
36857,0
47853,2
4927,2
389,1
62303,2
43383,2
30752,0
3925,1
51957,2
45104,0
61591,0
8351,0
5572,2
21826,2
10314,2
47519,2
57157,0
7546,2
72498,0
8864,2
34537,0
59266,0
8796,2
27254,0
12933,1
2882,2
23001,2
4779,2
32891,0
43294,0
13902,1
563,0
49047,2
69035,2
12080,0
10963,2
45499,0
53809,2
5382,2
27556,2
73572,0
9125,0
1049,0
52787,0
70961,2
64603,0
38332,2
29099,0
217,0
21899,0
2869,2
67871,2
51288,0
38923,2
56426,0
4167,0
60839,2
55835,1
67421,2
34155,2
28227,2
42874,0
18052,0
40309,2
41812,1
30087,2
42079,0
11417,2
62282,2
40435,0
41614,2
36828,1
68891,0
18652,0
56310,2
54428,0
18151,1
52518,2
3313,2
66690,0
2382,0
50611,0
5620,2
45633,0
56962,0
30501,2
56112,0
1024,2
14503,2
58854,0
621,0
43715,2
44491,0
45159,0
16346,2
9097,2
24390,0
37206,0
55932,0
31489,0
24085,2
27502,0
38662,0
68248,2
26736,2
62767,2
29238,0
8312,0
73263,0
22628,1
47457,2
61836,2
62960,2
74241,1
65346,2
30125,2
18470,1
1745,1
17578,2
4843,0
68578,1
60536,0
69942,2
18643,2
23359,0
61625,0
61553,2
4682,2
29748,2
51741,1
73921,2
9883,2
3145,0
43936,1
54231,2
47322,0
1869,2
57437,1
67493,2
58194,2
10626,0
45361,0
31200,0
21571,2
52224,2
29094,2
29447,0
10172,2
48203,1
56867,0
72249,2
23092,2
10492,2
26995,0
33481,0
68763,2
37599,2
24662,1
6090,0
22924,1
24833,2
27684,1
24134,2
68397,0
46432,1
53687,2
64324,0
39881,2
19067,0
37165,1
5608,0
37930,2
53902,2
63242,0
60228,2
10483,2
33174,1
56544,2
40995,2
16348,2
65937,0
47466,2
15020,0
64135,2
35710,2
67569,2
3000,2
30153,2
40291,0
53063,0
20855,2
42569,2
7422,2
38147,2
66433,2
33962,0
5157,0
15146,2
41321,2
35584,2
61931,0
8313,1
3745,0
21322,2
53245,1
42042,0
19198,0
14382,0
17990,0
26047,2
54779,1
23301,0
55632,2
22508,2
70661,0
26086,0
62791,2
11674,2
41721,0
29882,0
6597,2
15140,0
40153,1
47738,0
48275,0
45330,1
36289,0
65396,0
17847,0
51259,0
12671,2
35608,2
6719,0
54606,2
52004,0
20873,2
41885,0
50368,0
6540,2
28349,0
15601,0
11778,1
71241,0
4589,0
40817,2
27341,0
63749,2
43960,0
4401,2
2941,2
9834,1
71721,2
57878,2
24689,2
59358,2
7114,2
34705,0
7346,2
45972,2
15874,0
70535,0
70688,0
19184,2
11347,1
27858,2
60065,2
7353,0
48261,0
6107,0
51466,2
54716,1
12229,2
41159,2
2831,0
68502,2
12026,0
20464,2
22839,2
34558,2
70568,1
6885,0
50946,2
21456,0
14958,2
40355,2
21618,2
69047,0
55275,0
72033,2
68560,2
54696,0
33914,2
67916,2
8162,0
7001,2
14856,2
45848,2
57430,0
20057,2
8402,0
743,2
62335,0
41455,2
56709,0
20439,1
47955,2
5281,2
70268,2
68550,0
67128,2
23921,2
66795,2
51302,2
42470,0
66630,1
27482,2
31101,2
56240,2
10852,2
66676,0
7425,2
12518,2
15205,2
27871,0
27842,2
16591,2
47005,1
3466,2
34734,2
11786,0
62938,1
52715,1
28624,0
51523,2
55155,2
61763,1
14357,2
14431,2
40579,0
23798,1
41318,0
32274,2
66254,2
18216,2
21020,2
21369,0
49931,2
1020,2
14472,2
42357,1
11680,1
9140,0
12479,2
48420,2
61080,2
28641,0
21741,2
57250,2
32368,2
61651,2
46543,2
20527,2
32379,2
67402,0
68669,2
14537,2
19512,0
39821,2
68286,2
70053,0
29474,2
54475,0
8783,2
37295,0
15136,2
15784,2
69288,2
71760,0
30980,0
31139,2
8238,2
28368,0
46587,2
35443,2
61593,0
45596,2
70470,0
21361,0
54082,2
7927,2
70259,2
64290,2
31030,2
41893,2
30278,0
35328,2
40860,2
7588,2
33642,0
64853,2
71595,2
36729,2
22195,1
56211,2
70074,0
1826,0
53284,0
68837,0
65650,0
9261,2
15321,0
59398,2
63740,2
9045,0
36222,2
9432,2
11205,2
6645,0
27873,2
38255,2
1131,0
35413,2
47597,2
32749,2
7762,0
62124,2
13990,2
19364,2
64606,0
407,1
2255,2
18300,0
13361,2
38375,2
1372,0
30255,2
33602,2
28895,2
74092,1
38318,2
55149,2
35546,0
16340,2
18981,2
63164,2
49943,1
10413,2
6608,0
52848,2
6819,2
36003,1
32453,0
59909,2
45768,1
19891,0
41497,0
35469,2
32890,0
56303,2
47352,1
23663,0
15906,2
59434,0
68087,0
32344,2
67015,0
1589,0
34091,0
5526,2
69400,2
10539,2
70066,2
44767,0
27875,0
32267,2
62482,0
64827,1
62456,0
18979,0
45976,0
60055,2
61337,0
2758,0
16172,2
19503,0
40722,0
3424,0
949,0
39896,0
60638,2
71659,0
61973,0
18291,2
74234,0
755,2
56245,2
52684,0
48339,2
35290,0
68882,0
41819,2
35246,2
24939,0
43599,2
63218,2
46983,0
6745,1
48381,2
59523,1
46352,0
11650,1
34053,2
57123,0
27270,0
64323,2
37310,0
54712,2
29677,1
62928,2
51027,1
29902,2
19377,2
13604,2
33537,0
51044,2
33854,2
35086,2
31927,2
12477,2
17951,2
1540,2
37214,2
19726,0
63957,2
71796,2
51198,0
18144,2
38915,0
60463,0
18628,2
6395,2
41532,0
5706,2
25730,2
43039,2
13118,0
65907,2
33536,0
2741,2
25478,2
4893,0
49600,2
44734,2
16572,0
60201,2
10792,2
12124,2
55179,2
29965,2
22251,2
3221,0
6276,1
23597,0
28292,1
29417,2
21680,2
64540,2
23272,0
16522,1
31337,2
63547,2
18607,1
14721,2
38671,0
31569,2
50559,0
20548,0
62680,0
3157,2
69499,0
61489,2
47777,2
23762,0
29739,1
63042,0
611,0
49530,0
34608,2
37292,1
70216,0
27932,1
16471,2
67952,2
32739,2
51282,2
59070,2
34332,0
27178,0
56188,0
43116,2
6491,2
73429,2
13802,2
24927,0
23180,0
9877,2
23343,2
11737,0
6687,0
42794,0
62820,2
65206,1
57544,2
12716,2
67416,2
25263,0
11286,2
19787,0
3917,2
57951,1
39343,0
64563,2
58651,2
44351,0
39349,0
39074,2
49521,2
16587,2
25949,0
39372,2
19089,0
67665,2
57982,1
24130,0
32158,0
65631,0
48335,2
13837,2
71873,2
24730,2
9820,0
50039,1
35310,0
27305,2
884,1
52751,1
24975,2
63414,2
45031,2
25010,2
7967,2
73755,2
9827,2
23492,2
6998,0
24759,2
9748,2
18655,2
5109,0
7825,2
39552,2
53765,2
16337,0
11358,0
9216,0
43778,0
16902,0
17929,0
36249,2
23309,0
74248,2
19439,0
25898,0
24986,0
57336,0
4832,2
38655,1
58378,0
66260,2
67172,2
19001,2
54332,0
4193,2
57425,1
63728,2
39524,0
23751,2
58527,2
43882,2
52184,2
40382,0
54510,0
4342,0
273,2
52945,2
67138,0
23133,0
59363,1
55495,2
15034,0
10924,0
29706,1
9312,1
6069,1
26188,1
40878,0
13063,0
45773,1
15947,1
35612,0
23649,2
19240,2
44496,2
5712,1
50983,1
61769,2
41303,1
46055,1
58101,2
67166,1
66185,0
69637,0
40731,0
9018,0
23947,2
43533,0
65063,0
19559,2
997,0
43558,0
53925,2
54559,0
67967,1
24383,0
54706,2
56522,2
65880,2
29592,0
11836,2
71346,2
61770,0
26205,2
64339,0
25328,2
29322,0
38187,1
57299,2
55048,2
22775,1
16734,2
73924,2
13576,0
10272,2
67331,2
31359,0
58373,1
10034,0
71848,1
23826,2
32744,2
840,2
61653,2
58492,2
55836,1
67474,0
33989,2
73951,2
3404,2
59875,2
67346,2
23936,2
57758,0
12935,0
251,0
21886,2
28989,0
70127,0
53062,0
30891,2
41918,0
29538,2
18328,2
14412,2
11893,0
72023,2
66343,0
45382,2
23285,0
57381,2
8369,0
66506,0
23899,2
27444,2
30988,0
61062,2
50980,2
31529,1
44539,2
47819,1
34276,0
31288,2
51303,1
73437,2
26960,2
68632,0
66792,0
39714,2
52431,0
72339,2
46060,2
20038,2
4705,0
67912,0
11300,0
72175,0
42554,2
58123,0
26228,2
143,0
63371,2
64300,2
31506,0
54092,2
18340,2
24853,0
40667,2
60777,1
51544,0
23956,2
51949,0
15018,0
23297,2
25254,2
17197,2
34104,0
48087,0
58320,2
73267,0
7178,0
4655,1
57125,2
41727,1
43747,2
29590,2
51445,1
24095,2
13053,2
19393,0
11014,0
60530,2
16742,2
868,2
37318,2
58406,2
9653,0
45969,2
55394,2
55438,2
27577,0
66448,0
5358,0
4917,2
38435,2
44847,0
20072,2
63901,0
68694,0
68379,2
65892,2
51758,2
10710,1
6181,2
32635,1
62802,2
59997,1
54943,2
3341,2
56195,0
39420,0
49133,1
8246,2
29691,2
26966,2
50023,1
54945,2
39311,0
33712,0
47595,2
33796,1
29442,0
64886,1
28219,1
428,2
3389,0
12704,2
31516,2
61603,0
16106,2
30129,1
73629,2
41192,0
61884,1
59911,0
11365,0
10842,0
66410,2
5794,0
7030,2
61156,0
2899,2
50427,0
37335,0
58849,0
6709,2
73342,0
22016,0
41104,1
58528,0
3382,2
58786,0
37823,0
28489,1
10083,0
29265,0
34180,1
3981,2
72834,0
69471,1
25509,2
70377,2
12042,0
17640,0
39478,2
30666,2
1334,2
41309,2
61662,2
73538,2
56179,2
49459,1
40400,1
71321,0
1933,2
11588,2
7723,0
34645,1
66421,2
32241,2
35629,0
29833,2
36133,0
68419,2
62493,0
33182,0
41748,0
43826,0
28717,0
23041,0
10827,2
61253,2
57576,2
45878,0
49563,0
19942,0
59439,0
29832,2
1506,2
73427,0
20066,1
66861,0
57423,2
64571,2
37169,2
208,0
60653,0
37992,0
29,0
3064,2
8913,1
68760,0
19771,2
21587,1
21249,2
18609,2
18061,0
63915,2
55956,0
19951,2
52334,0
53044,1
32658,1
50768,0
4698,2
70504,2
62900,1
61252,0
24329,0
42166,2
57842,2
23626,2
11324,2
453,0
22711,2
38771,2
5522,2
63290,0
53325,0
18627,2
45387,1
51002,1
12017,0
60825,0
48806,0
30481,2
46281,1
15315,2
33035,0
6167,2
61552,0
40352,2
37192,0
73888,2
15771,2
1065,2
41090,2
59355,0
40603,2
72034,0
68687,2
27191,1
38682,2
27793,2
36345,0
731,2
64209,0
41965,2
64891,0
55958,1
35363,2
32592,2
5012,1
28270,2
30227,2
42632,0
55479,2
53427,2
59914,2
18309,2
4055,0
65899,1
32411,2
38077,0
15620,0
7342,2
13556,0
975,2
28201,2
35492,1
46048,0
17110,1
56296,1
65226,2
55386,0
54250,2
53090,2
30328,2
19028,2
21926,2
45133,2
4855,1
2832,1
56642,0
12285,1
7000,2
49099,0
72346,2
47251,0
39390,2
16876,2
21438,2
42308,2
23868,0
16647,2
15275,1
25082,2
43571,0
30303,0
45726,1
12453,2
3047,2
54286,1
60038,1
38503,2
23564,2
23511,2
67467,1
23163,2
60717,2
33412,0
22811,2
30771,2
1923,0
17453,0
4498,2
50877,2
36462,2
60303,2
62584,1
17153,0
24469,2
33840,0
44998,2
54694,0
64779,2
40730,0
19182,0
12567,0
48915,0
2039,0
55896,1
20662,0
70985,0
23669,1
8449,0
49106,2
51497,0
15517,2
43234,2
69181,2
33746,2
18642,0
45027,2
23403,0
53897,2
16125,0
1419,0
30942,2
66300,0
5529,0
72022,2
65202,2
74074,0
6075,0
3178,0
65151,2
24829,1
20716,0
43988,0
32930,2
72494,2
72952,2
28180,2
66512,0
48258,2
16160,0
16022,2
15662,2
62551,2
58577,2
53111,0
69736,2
7427,1
63505,2
27246,2
39240,0
36078,1
27600,2
47259,0
49176,2
15470,2
36098,0
73544,0
14902,2
49920,2
26055,0
44564,1
47882,2
71004,0
38572,2
35471,0
33244,2
62963,0
17338,2
4814,2
6505,0
31999,2
40741,2
70017,2
4419,2
64634,2
57538,1
63263,2
66379,2
63646,2
57999,0
17339,0
20437,1
32647,0
44531,2
36655,0
52705,0
27883,2
56621,1
60792,0
16298,0
10372,1
22346,2
59691,2
38740,2
303,1
73402,0
53950,2
11216,2
47505,0
17838,0
35474,1
46381,0
60312,0
39090,0
24742,2
11783,0
22599,0
43931,2
29020,1
64647,0
22764,0
50133,2
13498,2
40788,2
61499,2
38694,0
6140,1
66728,0
60413,2
39963,2
29797,0
35041,2
73386,0
44448,2
50783,1
31555,2
73952,2
69355,0
19111,0
635,2
23883,2
6690,0
44274,0
25081,2
20710,0
73617,0
27937,0
10108,1
5849,0
7848,0
704,2
40327,0
30219,0
73638,2
16688,1
14012,1
57519,0
6771,2
41671,2
58994,2
58980,0
4935,0
29178,2
9533,0
57766,2
5411,2
68513,2
22622,0
27092,2
48553,2
24346,2
9665,1
61540,0
41357,0
42138,1
23218,2
22604,2
27284,0
60200,2
7573,0
59143,2
73321,0
31590,1
41036,2
2170,2
54880,2
3605,2
65642,2
27440,0
1099,2
42148,2
69024,2
18824,2
21058,0
43375,2
20698,0
23752,0
69014,1
25154,2
21604,2
1407,2
12686,2
891,0
30835,0
27885,2
34836,2
37512,2
10075,1
48483,2
44347,2
70829,2
16391,0
21298,0
4023,2
72636,2
259,2
4961,0
65780,2
35844,0
55882,2
39765,2
10301,2
8569,2
52972,0
72592,0
35207,0
71608,0
57197,0
28513,2
11477,0
36041,2
6382,0
49158,0
62048,0
48467,2
48565,2
16775,2
19897,2
58138,2
67366,1
50450,2
45815,2
63874,2
69159,0
4767,2
41508,2
27934,0
39386,2
64159,0
31464,0
4820,0
28743,2
25980,2
48551,2
73156,2
27126,0
44495,1
29884,2
49640,2
16434,0
58694,2
62064,2
56502,0
37379,2
51880,2
47791,1
660,0
70015,2
57769,2
10971,2
52009,2
56767,0
56285,0
3429,2
46399,2
22290,0
71086,2
31742,0
29307,0
26089,2
63673,2
22169,2
66731,2
69919,0
66730,2
25173,2
25004,0
9726,0
19296,2
60261,1
9380,0
959,2
5547,2
22945,0
43757,2
41580,2
67957,1
10039,2
45305,1
40192,0
28030,2
38006,0
65232,2
57996,2
56370,2
29050,2
56820,2
2709,1
2702,2
67013,2
46274,0
18369,2
163,2
3018,0
32725,0
37552,1
67863,2
36522,0
51401,2
60607,2
38468,2
9451,0
11514,1
57382,0
8094,0
45517,2
44945,0
42958,0
6364,2
31745,2
12660,0
55609,2
6609,2
9118,2
19750,0
60263,2
29368,2
48179,2
913,2
21610,0
4279,2
61702,1
24295,0
31029,2
34917,2
54143,2
48165,2
61165,0
3511,0
27673,2
46990,2
33691,2
51567,2
43215,1
26957,2
33416,2
55952,0
15766,0
40855,2
27807,2
46443,2
18208,2
7068,2
62712,2
53375,0
53895,1
5245,0
72156,2
17641,2
55850,2
35754,2
61865,1
37403,2
64752,2
56021,1
65703,2
1001,2
31824,0
18836,2
3885,2
14118,2
20043,2
9612,0
22011,2
46128,0
60875,0
66936,1
58928,2
15412,0
58470,2
14158,0
71685,2
34218,0
20975,2
23201,2
36029,2
47768,0
15811,0
15696,2
26130,2
66582,2
57266,0
16803,0
36212,2
67234,0
70204,2
2576,2
47817,2
16554,2
10014,1
39649,0
21768,2
13382,1
38340,2
54059,0
48319,2
70126,2
7445,0
22399,1
48663,2
62521,2
12931,2
32399,1
28936,0
69515,0
42812,1
10462,0
66822,0
65092,0
10106,0
31244,0
70198,1
68129,1
127,2
44277,0
12395,0
46254,2
65302,1
29662,2
37879,1
65504,2
8782,2
29363,1
38629,2
55273,2
11060,2
29588,0
12349,1
29301,2
1867,2
1566,1
24729,0
63618,1
18506,0
52835,1
54804,1
5439,2
42479,0
42295,2
35892,2
37244,2
47451,0
48106,1
58363,2
43867,1
19137,2
72547,0
26651,1
29690,0
56624,1
28138,2
14055,0
45586,0
8651,0
6713,2
42016,0
8693,0
47285,0
1098,2
56061,2
20581,2
40565,0
36285,2
54774,0
68375,2
72467,2
10343,2
60133,0
40840,2
23350,2
26480,2
5532,0
14605,2
36089,0
13031,2
33733,0
63005,0
18828,1
59725,0
23138,2
72526,2
43112,0
3866,0
23155,1
8558,0
60953,0
18884,2
35438,2
56008,1
39761,1
41981,0
38576,2
56871,2
917,2
47737,0
69446,2
2626,2
25271,2
34646,2
341,2
37897,0
64538,0
34348,2
67426,0
53079,2
12527,2
55255,0
44610,2
65546,2
2260,2
5480,0
27649,0
53468,0
497,2
46354,2
38045,1
29576,2
5200,0
26463,2
8715,2
70544,2
50219,2
73092,1
30057,0
27186,2
29660,2
52836,0
66209,0
1642,2
59679,2
24882,2
63530,2
15722,1
47376,0
50807,2
73203,0
9120,2
45680,0
59738,2
21831,2
41297,2
24692,2
57243,2
24782,0
50595,2
19094,2
48584,0
48555,0
34860,2
60788,2
52047,0
61582,2
73095,2
53019,0
9899,2
23228,2
44329,2
8859,1
18043,1
41457,1
42227,2
40803,0
33795,2
20012,2
47298,0
65384,0
19516,1
6008,2
73261,2
35666,2
58088,2
24040,0
21703,2
63085,2
25016,0
22902,2
58243,2
66798,0
58210,0
2527,2
72877,2
36503,2
57992,2
33901,2
63367,2
21889,1
44714,1
1648,2
69020,0
61641,0
172,2
11989,2
61387,2
61936,0
51263,2
39424,2
44914,2
40977,2
73925,2
50660,2
952,0
61606,2
25329,0
13916,0
23504,2
53280,0
51264,0
18339,0
57856,2
31074,2
21979,2
68911,2
42445,2
3493,2
59660,2
4690,2
6621,0
34656,2
51581,0
67154,0
66142,2
17049,1
53488,2
40701,2
8543,2
63015,2
38752,2
5830,0
15645,0
28181,2
51803,2
32682,2
73083,2
8389,2
72561,2
14682,2
44125,0
19755,0
18437,2
37809,0
58896,2
56782,2
22859,1
5196,2
28854,0
52739,0
28266,2
73472,1
21845,2
35978,2
35588,0
57591,1
52983,1
11561,2
29609,2
17759,0
73738,0
45070,0
25921,0
51424,2
74056,1
72373,0
45594,2
44385,0
5349,2
65856,2
56192,2
45904,0
32231,2
6177,1
2162,2
61649,2
21251,2
4566,2
70553,2
41190,2
25938,1
27542,2
27090,0
56219,0
73563,2
31088,2
54004,0
70048,0
3022,2
16785,2
58915,0
73166,2
44005,2
60708,2
70812,2
47488,2
12013,0
1771,2
52241,2
35609,0
36662,2
44989,2
34207,0
24623,1
47837,0
255,2
4553,2
50307,2
63501,2
50892,2
33346,1
67287,2
39253,2
38883,0
56105,2
11206,0
64557,1
54769,2
63431,0
14352,0
6379,2
67028,2
5682,2
38675,0
6666,2
5236,2
21395,0
36698,2
48142,1
51286,2
42336,2
31706,2
3345,2
47932,0
31478,0
9532,0
73761,2
56671,0
68926,2
5948,0
50924,0
54124,0
49803,2
45943,0
9416,1
64344,2
18984,1
20418,2
18771,0
16973,2
44237,0
66917,2
53267,1
60301,2
18067,2
24561,2
45213,2
24003,2
67407,2
21502,1
69897,2
57803,0
73759,2
73907,2
45239,0
25764,2
29024,2
62429,2
5050,2
50797,0
33439,0
50003,2
71083,2
21851,2
156,2
26070,2
70845,2
64391,0
40193,2
42472,2
24140,1
17980,2
44033,2
60837,0
60934,2
59198,0
73351,2
27179,2
38268,2
64822,2
67220,2
14858,2
5405,1
41873,2
35681,2
28014,0
60882,2
37197,2
56169,2
40819,2
47268,1
25093,2
28902,0
2647,2
49267,2
51138,2
33337,2
43335,2
12859,2
2376,2
26685,2
67230,2
7453,2
14709,2
45608,2
66170,2
7066,0
49528,2
36390,2
71159,0
20907,2
60947,2
28109,1
8222,0
63419,2
39541,0
66799,1
42453,2
44948,2
16134,2
7150,2
46674,2
19347,0
73368,2
62965,2
51437,0
7712,1
27678,2
19658,0
8612,2
43393,0
63767,2
60743,2
38868,2
45892,0
7693,2
44321,2
15346,2
3798,2
30873,0
53741,1
61491,2
4689,2
54616,0
43137,2
39951,2
6774,2
53301,2
44379,0
19784,2
11880,2
10311,2
71114,0
48596,1
12571,2
23249,1
15606,2
22941,1
63544,0
65483,1
24859,0
50004,0
26180,2
25677,2
7806,0
42941,2
46795,2
21682,0
53244,2
46016,2
56537,0
57183,2
71758,1
57645,0
21981,2
30118,2
34419,0
646,2
40521,0
31158,0
41396,1
72673,2
47571,0
819,0
10881,2
3810,2
7012,2
25928,0
57357,1
68059,0
52523,2
20022,0
35242,0
5772,2
68411,2
22773,2
30840,2
34085,2
11864,0
11913,2
11340,0
22905,1
74212,1
3420,0
49412,1
54054,2
34444,1
39470,2
23901,2
66573,0
57779,2
40835,2
50316,2
37342,1
5566,0
60737,0
57943,2
66476,2
59939,1
72408,0
11873,0
48702,2
7015,2
12932,2
28055,2
36746,2
70432,1
32209,2
65582,0
32082,0
62792,2
45653,1
2961,2
865,0
73028,0
62864,2
66136,0
48998,2
48514,2
15090,0
62509,1
17001,0
16442,0
32264,0
25727,2
19946,0
2067,1
7533,1
65221,1
54802,0
71245,2
56479,2
25532,2
52859,2
26502,2
15117,2
62162,1
24291,0
51849,0
36701,2
20985,2
19748,2
37505,0
11439,2
14217,2
36525,2
63725,0
37482,0
21715,2
72903,0
38794,0
30054,2
65097,2
41517,2
14239,0
48270,0
67159,0
29086,0
26104,0
11498,2
44768,2
19116,2
15023,1
40676,2
8210,2
33076,2
56754,0
30889,2
46522,2
11557,2
27438,2
4104,0
65080,2
69215,2
36505,2
9490,0
20545,1
26335,2
20696,2
38555,0
62469,1
52442,0
39356,2
57625,2
51228,2
22062,2
3390,0
52933,2
64378,2
27382,0
24366,0
584,2
29605,2
47843,2
32981,2
23712,2
36757,2
2505,0
56157,1
62541,2
48317,0
33697,2
23739,0
38956,2
47565,2
22228,0
46096,2
71805,2
37621,2
58278,0
11057,2
29557,2
16939,1
60804,1
15704,0
48807,0
10913,2
61545,0
37822,2
3474,0
33257,1
21503,1
14268,2
40583,2
65287,2
17622,2
69264,2
42084,0
74154,2
1520,2
73005,0
8490,0
68489,1
18792,0
51364,0
44553,2
12148,0
63920,0
7497,2
1951,0
26958,0
65897,0
15227,0
17963,2
29326,0
59684,2
60256,2
40915,2
54884,0
4505,2
24316,0
2843,1
38403,1
53329,2
50169,2
27766,2
55507,0
6481,0
28793,1
60763,0
54535,0
64182,2
11863,2
1945,0
42937,0
7836,2
10177,2
44023,2
4736,0
10658,2
18927,2
42536,2
60925,0
20026,0
62025,1
65029,0
34443,0
49050,2
16075,1
14208,1
42791,2
49532,0
33022,0
67529,2
47546,0
28169,2
17256,0
27252,0
11454,0
24354,0
49659,2
59703,0
15534,2
57208,2
12820,1
42519,0
61228,0
17780,2
9587,0
35313,2
48852,0
26297,0
50871,0
41014,2
14737,0
29103,2
13272,2
60981,2
23040,2
69479,2
61110,0
5912,1
69460,2
9268,2
58766,2
69125,1
33215,0
5531,2
31846,1
26146,1
44608,2
39404,2
473,2
918,1
53322,2
19984,2
14099,2
60507,0
737,0
13046,0
59747,2
7466,2
71316,2
54266,0
30934,0
65010,2
55524,0
44060,2
70372,0
4386,1
35675,2
41332,0
55598,0
61164,0
45271,2
19594,0
64869,0
34652,0
45932,2
44634,2
30887,0
23794,1
32176,0
6045,0
34035,0
46466,0
37519,2
12536,2
20123,2
33376,0
61089,2
30938,0
61987,2
40061,0
18498,0
41951,0
15683,0
44001,2
41636,2
18863,2
3130,0
52230,2
1969,2
37489,2
28607,2
28975,0
62080,0
59619,0
20251,2
18615,2
34650,2
37444,1
508,0
8227,0
2208,2
48140,0
34226,2
55270,2
43568,0
63385,2
1048,0
7351,2
920,2
32400,2
71407,2
54681,0
72926,1
17509,2
40696,0
39363,1
46131,2
4309,0
36560,2
67799,1
72868,0
35898,0
10830,2
66810,0
68345,2
57496,2
52646,0
30932,2
62611,2
13049,2
64431,1
47218,2
5656,2
42987,1
6890,0
8074,0
18535,0
60005,0
67381,2
51550,0
59056,0
21562,0
40402,0
13277,0
44189,0
3469,1
20489,2
50987,0
36410,2
858,1
25153,2
63774,2
44698,2
52280,2
38993,2
54749,0
12336,2
15925,2
44285,0
39876,0
10861,0
7616,2
55317,2
63259,2
5020,2
19207,2
10426,1
49202,2
39808,1
17581,0
8519,2
56090,1
73106,0
33148,1
1787,2
9331,0
28653,2
58842,2
36459,0
24423,0
70219,2
38125,0
23125,0
49155,2
52364,1
52625,2
54641,2
56914,0
941,2
1000,2
14190,2
14574,0
17827,0
9433,0
22234,0
35099,2
17763,0
37436,0
62076,0
1958,2
8939,2
73476,1
35376,2
37382,0
35657,1
40007,2
37040,2
57998,0
15003,2
53737,2
4911,1
62756,2
36813,0
52524,0
54064,0
61407,0
21631,2
46754,0
38078,0
43352,2
41136,1
59503,0
11017,2
54104,2
37938,2
44879,2
29121,2
24111,0
13864,1
70659,0
19431,0
67382,0
54891,2
56910,2
51763,1
37657,2
71298,0
34347,2
7747,1
68120,2
21308,0
60142,2
10328,2
44072,0
34296,2
34055,2
13336,0
2800,0
7274,1
1885,2
27234,2
5704,2
48053,2
35428,0
60232,2
8489,0
72991,1
27604,2
63555,1
4482,0
48718,0
1521,2
14094,2
22464,0
41322,2
60153,0
19339,0
57171,0
24293,2
56039,2
9472,2
10554,2
26606,2
46533,2
32950,2
59127,2
68801,0
21924,2
40151,2
25393,0
66761,0
24637,2
36937,2
68907,0
13475,0
22882,0
55068,1
9498,1
35031,2
39312,1
50350,2
58092,2
52681,2
41786,2
37132,2
14545,0
20394,2
52720,2
65107,2
55271,2
64854,0
74232,2
16709,0
11670,2
50639,2
15909,2
13270,2
25149,0
12208,0
26350,1
45210,2
20335,1
5868,2
62144,2
71406,2
10920,2
38396,2
35690,0
69510,2
46371,1
33984,2
73152,2
58024,2
71738,2
28065,0
67086,0
58122,1
57668,2
31327,2
14781,2
51381,0
55004,1
43219,0
38978,2
11044,2
24771,2
18028,2
70575,1
49777,0
29806,0
2580,0
26225,2
29647,0
45709,2
41625,0
54310,0
28899,2
16034,2
64848,0
32694,1
58564,2
29310,0
39223,2
36658,2
73611,0
3761,2
62277,2
16590,2
12774,1
36944,2
13416,2
54088,0
67150,0
60727,0
31595,2
55174,0
19383,0
41016,2
11869,1
17512,2
329,2
27467,2
29547,0
57341,2
9099,0
30276,1
60830,1
40236,2
16418,2
55143,1
67182,2
66236,0
933,2
9530,2
21874,0
23489,2
11959,0
47086,2
17465,1
33004,2
29840,0
26298,2
19584,0
23534,2
4281,0
10431,0
71234,2
18446,1
57530,2
33167,2
41384,1
12559,2
64292,1
52393,1
45883,0
39995,2
27159,0
65782,0
35599,2
67723,0
35935,2
18721,0
37086,1
53876,0
20928,0
26435,0
59449,2
53589,2
72395,0
55489,2
28490,2
25904,0
6112,2
41087,2
35616,2
42458,2
66491,0
9902,0
39501,2
57271,2
54070,0
57910,0
71307,2
73233,1
54190,1
43476,2
15291,0
55442,2
73581,0
21815,1
26448,2
37929,0
57411,2
35623,2
22237,2
59922,0
61522,0
38593,2
26325,0
52529,2
16179,2
51492,2
16490,0
12533,0
20630,1
21096,1
58303,0
38251,2
38969,1
69249,0
1704,1
68089,2
70082,2
64897,2
1539,0
63401,2
17289,0
62502,2
8008,2
34013,2
32417,2
9402,2
45289,2
73097,2
30193,0
1600,2
39380,2
64694,0
64445,2
38643,1
4584,0
38012,0
66001,2
39547,2
31019,1
38342,0
5833,2
13355,2
18172,2
65723,2
25047,2
60182,0
23306,0
39438,0
31343,2
25587,2
33637,2
70033,0
16763,2
60779,0
48712,0
39140,2
50624,2
53191,2
47480,1
58276,2
20905,2
50945,2
22691,0
63644,2
21373,2
59934,2
1501,2
4506,2
67417,2
31437,0
45686,2
322,2
66741,2
17982,2
28695,2
62059,2
22640,2
8415,2
46551,2
29090,2
42749,2
12189,0
33882,2
21335,0
12028,2
37175,2
38194,2
9442,2
49740,2
64124,0
62573,2
44167,2
50010,0
10025,0
45602,0
68765,0
12589,0
59324,1
33688,2
19954,0
22395,2
26777,0
26743,0
27081,0
33187,2
32790,0
1570,2
58116,1
33352,1
20186,2
15559,2
19807,2
60205,0
15388,0
57972,0
47257,0
33815,0
55742,0
7644,2
61628,2
70675,2
42823,2
19779,0
5717,0
19844,2
39889,2
21722,2
32563,2
70253,1
33707,2
74113,0
65967,0
37035,2
8760,1
33546,2
19101,2
68799,2
56246,2
62810,2
61890,1
5141,1
29355,2
33327,0
58982,2
60223,0
63199,2
21388,2
18585,2
21728,2
30865,0
10816,2
61227,1
61428,2
41232,2
13413,0
32796,0
67277,1
48199,2
57497,2
23991,0
65862,2
12726,1
26953,0
40165,2
33105,2
70858,2
11052,2
1219,2
2789,2
39769,1
39656,2
39024,2
66675,0
38102,2
11270,2
63282,0
19838,2
3489,2
39335,2
37020,1
2345,2
22712,0
30822,2
17416,0
55759,2
18373,2
31433,2
49325,1
39393,2
52516,2
51356,0
38136,0
1350,2
66588,0
73304,2
71524,2
63270,2
61101,0
71988,0
70536,2
40262,0
73038,2
6582,0
13369,1
72495,2
8747,2
20535,0
32571,2
31564,2
31110,0
7027,0
56506,2
54293,2
27157,2
1789,2
49379,2
72067,1
63322,0
70759,2
63529,1
18405,2
16878,2
58940,0
50775,2
69721,2
31663,0
6810,2
54609,2
30612,2
4519,0
37636,1
55899,1
11240,2
14223,0
56236,2
12259,2
22141,2
1370,0
70836,2
18625,0
29119,0
5041,1
56083,0
902,2
14689,2
3009,2
1398,0
66561,2
49986,1
16577,0
42217,0
49941,0
53977,1
31129,2
3546,2
62745,1
58720,2
2743,0
45176,2
6832,2
10277,2
68567,0
66320,2
31952,2
18009,2
37804,0
21749,2
29055,2
23375,0
33913,2
22145,0
47180,1
51677,0
4434,2
44403,0
55027,0
60119,0
22873,2
62498,2
29006,1
48286,0
45429,0
33987,2
2308,2
5776,2
58409,2
5901,0
42560,2
36456,1
24770,2
12066,2
74028,0
12112,2
73069,2
17954,2
31238,0
32423,1
55379,1
35248,0
18465,2
13688,0
51771,2
12524,2
38308,0
69317,1
9504,0
55756,2
18896,2
10536,2
73610,2
45186,0
3617,2
41958,2
27720,1
38061,1
68290,2
55701,2
57822,0
27463,2
19350,2
45711,0
37651,1
56508,2
3416,2
63389,2
32470,0
32476,1
11176,0
37019,2
33635,0
3188,0
55475,2
55090,0
59979,1
39796,0
54157,0
65307,2
27351,2
13654,2
62110,2
52339,2
28207,1
49822,2
39798,2
4375,2
40503,2
15511,0
29480,0
47418,2
68897,2
26536,2
41805,2
8613,0
27540,2
60052,2
74182,0
57444,2
60679,2
27560,2
51654,2
30299,2
32861,2
32887,2
5243,2
10216,0
65876,0
69664,2
36551,2
25257,2
33544,2
19165,2
38076,2
65811,2
56463,1
60172,0
35164,2
40047,2
66904,1
33005,2
34242,2
50274,2
52474,2
59337,2
39037,2
671,2
41286,0
37572,2
67085,1
60724,0
4426,0
33519,2
68693,2
27411,1
16059,0
10508,2
51091,2
58161,2
2009,2
65306,2
45129,2
70886,1
21079,0
14423,2
29260,2
33415,2
22153,2
55873,2
56274,2
973,0
2449,2
50726,1
56206,0
11729,2
13638,2
58446,2
9961,2
3172,2
19777,2
5681,2
47297,1
68606,0
58589,2
70214,2
61042,0
11747,2
72704,0
19528,2
25812,0
9042,2
52702,2
60287,0
67148,2
54592,2
64936,0
17514,2
31598,1
12279,2
64840,0
4094,2
22173,2
13577,2
4468,2
6476,2
10501,2
21000,2
13196,2
53066,0
22751,2
24620,2
54477,0
4677,2
32688,2
37045,2
22548,2
27501,2
18736,2
68263,2
73533,2
72281,2
63286,0
36489,0
40144,2
466,2
901,0
28663,2
65505,0
63075,2
38111,0
52514,1
24799,2
2875,2
31780,2
36376,1
38663,2
42162,0
49858,0
33864,2
73493,2
71261,0
53630,2
58384,2
40480,1
3505,0
72210,1
14528,1
56144,0
46076,2
55824,0
21954,2
24033,0
817,0
11685,0
54148,2
69419,2
9333,2
73856,2
48454,2
34611,0
35920,2
12528,1
69784,0
33552,1
17157,2
73453,0
50981,0
23674,1
11553,2
29217,0
73049,2
53701,1
34042,2
58103,2
69002,2
10763,0
21134,0
24693,2
32639,0
38042,2
65143,2
72947,0
35057,2
32269,2
21477,2
57217,2
13781,0
67883,0
7077,2
73648,0
59667,2
2249,0
19840,2
32715,0
39154,2
43541,2
3497,2
51049,0
4005,1
30463,2
22064,0
42930,2
51981,2
13120,2
15575,0
37358,2
18770,2
54680,2
15607,0
29377,2
28331,0
13122,0
61918,2
59227,2
35482,2
22663,2
49587,2
3773,2
42811,0
68178,0
47893,2
70000,2
27493,0
45643,0
3839,0
39750,2
7781,0
24977,2
50497,0
73994,1
24296,2
54924,0
23814,2
23516,0
13565,1
58206,1
64835,2
24276,2
57505,2
74148,2
14845,2
2063,0
57275,2
31377,2
68341,2
59106,2
4037,0
32233,0
5068,0
19704,2
4794,0
20541,0
45174,0
62718,2
2841,2
57837,1
24658,0
12018,0
67575,0
51143,2
45461,2
21405,0
36186,0
9890,2
7595,2
10899,0
2446,2
27297,2
26753,1
29672,2
49458,0
5596,0
12747,2
17935,0
34361,0
19181,2
56153,2
20599,0
29967,0
68398,0
18245,0
57407,2
8234,2
44775,2
69030,1
39122,0
46966,0
40949,0
47528,0
16717,2
4499,1
53922,1
324,0
54597,0
51029,0
59845,2
19328,0
44516,0
72333,0
32788,1
2655,1
25850,0
49814,2
25897,2
26769,2
68324,1
21148,2
71091,0
61966,0
17994,0
40411,0
5470,0
58797,2
58524,0
63166,2
23946,0
64024,2
2003,0
2053,2
24762,2
9002,0
73027,1
71094,2
69653,2
36703,2
46114,2
5887,0
7380,2
38522,2
28841,1
39777,2
71093,2
26440,2
49676,2
15942,0
12583,2
51254,2
72092,2
42333,2
39340,2
27026,0
16713,0
36167,1
28528,2
62788,0
30412,0
34088,2
9938,2
28683,0
70837,2
59221,0
9356,2
61747,2
23679,2
13,0
38836,2
60482,2
26273,2
34791,2
18549,2
46422,2
40033,2
9212,2
65977,2
57512,2
4954,2
4124,2
49162,1
29784,0
2370,0
18853,2
63999,0
34865,2
61892,2
3336,0
37538,0
51955,2
60757,0
18774,2
57855,2
42919,0
54874,0
42338,0
60898,2
59275,2
27598,2
54119,0
10335,0
69180,2
66078,2
35942,0
61807,0
26827,2
26949,0
52753,1
40967,0
13907,2
42922,1
11730,2
68874,0
18798,1
10850,0
20450,2
28042,2
49972,0
60893,2
11772,2
2002,2
22122,0
11911,2
16789,2
53602,2
49350,2
52936,1
14161,2
58271,2
38057,0
10240,2
58631,0
51759,2
10451,2
1680,2
58837,2
26677,2
33360,0
16390,2
53822,2
1320,2
53159,2
35873,2
67046,0
39292,2
55236,0
7810,2
70305,0
31485,1
46501,2
53670,2
18666,0
24747,2
188,2
32525,1
11620,0
31462,2
50710,2
32449,0
12606,1
50260,2
12108,0
43046,1
61411,0
57545,1
26024,1
65591,2
2338,2
6568,0
66489,2
955,2
4901,1
29918,2
59033,2
15419,1
50697,2
15735,2
68046,2
32587,0
29620,0
71148,0
42965,2
60594,2
7569,0
7181,0
53810,2
39814,2
8777,0
13975,0
58025,2
40433,2
23502,1
4719,0
36258,0
56110,2
56055,2
3310,0
70170,0
47013,2
25407,2
68954,0
34563,2
63754,2
45483,2
43435,1
15087,1
41666,2
44817,2
56284,2
59408,2
42029,2
62750,2
43865,0
63974,0
60798,2
49768,2
19138,0
15870,2
31318,2
67696,1
47688,1
54254,2
7444,1
44459,2
53976,2
70101,2
25002,0
27243,2
72115,2
57830,2
34661,2
11301,2
752,2
13566,2
42897,0
8009,0
23807,0
43824,1
46427,0
48957,0
43721,0
18464,0
37729,2
61771,1
42365,2
31266,0
6783,1
23027,2
19100,2
19602,2
66388,2
69871,2
56280,0
47963,2
46737,0
48582,0
35153,0
11867,2
48966,2
58063,2
7465,2
61209,0
53603,2
17532,2
6669,1
30594,2
68559,2
54311,0
21566,0
58614,0
26250,0
36357,0
45805,0
14034,2
47789,0
16907,0
18471,0
51608,0
46387,2
34495,1
25024,2
15997,0
8590,1
37704,0
71242,2
66191,2
16818,2
833,0
21723,2
73697,2
11830,2
64198,0
51555,0
2158,0
66551,0
58004,2
56352,2
55692,0
4366,1
67658,2
54127,0
47689,2
7494,0
9215,0
73515,2
70123,0
7017,2
41948,2
13367,0
56128,0
13364,2
37281,0
38955,2
44964,0
7063,2
9207,0
46851,0
34457,2
7565,0
62245,1
904,0
61462,0
34841,0
66342,0
39805,2
25256,2
22661,1
55789,2
17006,1
44184,0
46739,0
17105,1
48588,0
8383,0
35108,2
28541,2
64798,0
25702,2
216,2
51858,2
51525,1
33424,2
40171,0
59706,0
13273,1
4640,0
15589,0
67738,2
8663,0
50629,2
70528,2
36973,2
16424,0
16374,0
56271,2
51690,2
12954,2
63750,0
39700,2
35671,2
1717,2
69405,0
53562,2
15810,2
63417,0
52281,2
44264,2
48363,2
42668,0
65699,0
24461,2
1051,2
1272,2
9055,2
48418,1
17133,2
61176,2
13633,0
60827,2
12657,0
12181,0
69153,2
14035,2
44137,2
31093,2
30780,0
19757,0
37301,2
23880,2
22366,2
17408,0
22443,0
4844,0
44626,0
47616,2
56174,0
41111,0
65912,2
46900,2
59905,2
8544,2
35270,2
60082,2
39830,0
66566,0
17798,2
22537,0
13842,2
39196,0
57348,1
7954,1
45278,0
22127,2
15447,2
69428,2
68152,0
899,0
55433,0
32859,2
48230,0
49451,0
4371,1
36252,2
2459,0
50494,2
8542,2
28294,2
1290,2
25117,2
31880,2
59021,2
52658,2
53387,1
43999,2
18620,0
16766,0
20062,0
6046,0
47640,2
65625,2
60404,2
30797,0
49406,2
27394,1
4236,0
58382,2
26222,2
3105,0
33332,2
31381,0
62291,1
59256,2
1878,2
41661,2
62360,2
71825,2
44440,1
42899,2
55652,0
26674,0
8508,0
52316,2
14280,0
61322,2
53323,2
28538,1
46953,0
20339,2
32276,2
38296,0
16864,2
69161,2
48613,2
30510,2
30194,2
61052,2
58656,0
55757,0
21717,0
5832,2
54580,2
63540,0
57665,2
21491,2
65846,2
61344,0
23080,0
26709,2
43982,1
11728,2
41653,1
19316,0
12455,2
10081,2
63295,0
28465,0
66154,1
19678,2
11657,2
73866,2
73388,0
9913,2
4378,0
8897,0
34534,2
15834,0
15482,0
57373,0
2797,2
9642,2
9840,0
11789,2
8930,2
59431,2
41955,0
23955,2
40219,2
19114,2
27231,1
51384,2
59970,2
14377,0
28876,0
10215,2
70796,2
56815,2
51927,0
20645,0
15216,2
29019,2
37375,0
41382,2
20971,2
762,2
29080,2
60401,2
914,2
31009,0
71643,2
28800,1
41377,0
50170,2
59465,0
7315,2
37788,0
68953,2
33466,0
44619,2
43358,1
14720,2
14031,0
2271,0
12512,2
10346,2
73475,0
26244,1
56593,2
4350,2
7913,2
60069,2
33071,2
14312,2
50353,1
19732,0
38551,0
49730,2
56377,0
31723,1
5151,1
14718,0
39359,0
48728,2
27624,1
18069,2
52066,2
69831,1
8835,2
72757,2
60696,1
33680,2
30454,2
57671,0
13503,0
34837,2
33516,0
34824,0
101,2
2017,2
52375,0
73439,2
17950,2
71886,2
61278,2
57776,2
44064,2
48502,0
32759,2
57195,2
35259,2
3955,1
50215,2
9425,2
68556,1
23610,2
13392,0
56579,2
42434,2
44766,1
73364,0
73643,2
61837,0
44405,2
10193,2
55176,2
20983,0
65551,2
47258,1
27421,2
70590,2
2087,0
11170,2
8698,2
58471,0
13260,2
56082,1
48891,2
55422,0
22623,0
46580,2
36648,2
14487,1
3269,0
7922,0
4293,0
22388,2
12997,2
31426,2
358,0
73197,0
40649,2
47948,2
56401,1
23718,0
56713,0
10205,0
59505,1
52255,0
27601,2
44895,2
68027,0
42839,2
44822,2
33184,1
34842,2
48948,1
16141,0
17762,1
27416,2
35992,2
42825,0
12363,0
41971,1
44737,0
69191,1
33893,2
39538,2
46544,2
37347,0
7504,2
71022,0
31833,2
53772,2
51268,2
65296,1
49042,0
29120,1
47336,1
47648,0
69564,2
34129,0
5055,0
19694,2
55640,2
70737,2
28345,2
43303,2
2811,2
14735,0
48047,1
17852,0
8479,0
15994,0
73255,2
6867,2
4728,2
13241,2
64665,2
56279,0
64526,0
67119,0
33700,0
19744,0
4250,1
56000,0
35480,0
43653,0
49339,0
57344,0
49524,2
50846,0
63024,0
52700,2
57153,0
61040,2
36768,0
68255,0
21152,0
32023,2
26494,0
55396,1
6656,2
15613,2
33427,0
66629,0
3741,0
11818,2
52726,1
3541,2
45994,0
20627,2
31369,2
42898,2
21882,2
42582,0
15496,2
53708,0
50920,2
10915,2
51489,2
56936,0
42375,2
17997,2
14638,2
51427,2
31390,0
63645,0
29313,0
34474,2
33339,0
1252,2
73579,0
52228,1
70038,2
25901,2
21131,2
26580,0
66059,0
32944,2
13686,2
8471,0
19620,2
74162,2
37994,2
71151,2
45017,2
12592,1
58693,2
57539,2
71252,2
7869,2
57316,2
59757,2
64579,2
57731,1
65541,1
68174,2
39307,0
18990,2
28749,2
33492,2
68707,0
